sender,recipient,time,subject
user5@company.com,user12@company.com,2023-01-01 17:47:00,Confidential
user16@company.com,user15@company.com,2023-01-01 08:05:00,Request
user8@company.com,user16@company.com,2023-01-01 09:30:00,Invoice
user6@company.com,user7@company.com,2023-01-01 07:38:00,Project Update
user6@company.com,user11@company.com,2023-01-01 08:34:00,Confidential
user6@company.com,user3@company.com,2023-01-01 17:48:00,Project Update
user9@company.com,user5@company.com,2023-01-01 14:22:00,Meeting
user7@company.com,user2@company.com,2023-01-01 17:34:00,Meeting
user15@company.com,user2@company.com,2023-01-01 17:51:00,Request
user4@company.com,user14@company.com,2023-01-01 18:19:00,Confidential
user2@company.com,user1@company.com,2023-01-01 07:49:00,Confidential
user7@company.com,user9@company.com,2023-01-01 12:58:00,Meeting
user7@company.com,user3@company.com,2023-01-01 07:26:00,Project Update
user1@company.com,user12@company.com,2023-01-01 10:43:00,Project Update
user8@company.com,user4@company.com,2023-01-01 19:53:00,Meeting
user6@company.com,user2@company.com,2023-01-01 13:32:00,Project Update
user11@company.com,user12@company.com,2023-01-01 15:40:00,Meeting
user20@company.com,user7@company.com,2023-01-01 15:25:00,Confidential
user4@company.com,user9@company.com,2023-01-01 10:06:00,Invoice
user11@company.com,user6@company.com,2023-01-01 07:25:00,Invoice
user1@company.com,user14@company.com,2023-01-01 10:29:00,Meeting
user3@company.com,user10@company.com,2023-01-01 17:39:00,Invoice
user2@company.com,user4@company.com,2023-01-01 10:26:00,Invoice
user20@company.com,user16@company.com,2023-01-01 08:45:00,Request
user19@company.com,user6@company.com,2023-01-01 11:06:00,Request
user11@company.com,user14@company.com,2023-01-01 17:59:00,Meeting
user11@company.com,user6@company.com,2023-01-01 17:48:00,Invoice
user16@company.com,user3@company.com,2023-01-01 12:01:00,Request
user19@company.com,user15@company.com,2023-01-01 13:32:00,Meeting
user17@company.com,user20@company.com,2023-01-01 18:00:00,Meeting
user1@company.com,user5@company.com,2023-01-01 11:15:00,Confidential
user8@company.com,user3@company.com,2023-01-01 07:08:00,Invoice
user16@company.com,user10@company.com,2023-01-01 10:09:00,Confidential
user2@company.com,user9@company.com,2023-01-02 18:38:00,Confidential
user11@company.com,user5@company.com,2023-01-02 11:20:00,Project Update
user17@company.com,user14@company.com,2023-01-02 17:52:00,Invoice
user1@company.com,user9@company.com,2023-01-02 18:21:00,Invoice
user8@company.com,user7@company.com,2023-01-02 15:03:00,Meeting
user8@company.com,user14@company.com,2023-01-02 15:20:00,Meeting
user15@company.com,user1@company.com,2023-01-02 08:55:00,Confidential
user3@company.com,user8@company.com,2023-01-02 07:40:00,Meeting
user7@company.com,user5@company.com,2023-01-02 08:11:00,Request
user18@company.com,user7@company.com,2023-01-02 10:32:00,Project Update
user14@company.com,user16@company.com,2023-01-02 11:10:00,Meeting
user8@company.com,user15@company.com,2023-01-02 09:38:00,Meeting
user10@company.com,user11@company.com,2023-01-02 16:28:00,Meeting
user9@company.com,user17@company.com,2023-01-02 08:23:00,Confidential
user13@company.com,user6@company.com,2023-01-02 14:28:00,Confidential
user17@company.com,user14@company.com,2023-01-02 19:09:00,Confidential
user1@company.com,user14@company.com,2023-01-02 13:54:00,Project Update
user10@company.com,user19@company.com,2023-01-02 09:35:00,Meeting
user9@company.com,user14@company.com,2023-01-02 14:19:00,Confidential
user10@company.com,user14@company.com,2023-01-02 15:38:00,Confidential
user3@company.com,user12@company.com,2023-01-02 09:45:00,Confidential
user7@company.com,user5@company.com,2023-01-02 10:00:00,Project Update
user17@company.com,user12@company.com,2023-01-02 14:25:00,Confidential
user13@company.com,user12@company.com,2023-01-02 13:31:00,Invoice
user19@company.com,user3@company.com,2023-01-02 13:56:00,Project Update
user4@company.com,user14@company.com,2023-01-02 16:10:00,Meeting
user14@company.com,user9@company.com,2023-01-02 19:58:00,Invoice
user17@company.com,user16@company.com,2023-01-02 17:44:00,Invoice
user2@company.com,user14@company.com,2023-01-02 13:47:00,Meeting
user8@company.com,user17@company.com,2023-01-02 07:58:00,Invoice
user1@company.com,user6@company.com,2023-01-02 11:38:00,Confidential
user5@company.com,user10@company.com,2023-01-02 10:38:00,Request
user6@company.com,user1@company.com,2023-01-02 08:49:00,Project Update
user13@company.com,user14@company.com,2023-01-02 18:37:00,Project Update
user17@company.com,user7@company.com,2023-01-02 13:10:00,Confidential
user9@company.com,user11@company.com,2023-01-02 15:34:00,Confidential
user10@company.com,user15@company.com,2023-01-03 19:56:00,Project Update
user4@company.com,user20@company.com,2023-01-03 19:51:00,Invoice
user5@company.com,user10@company.com,2023-01-03 18:13:00,Confidential
user10@company.com,user1@company.com,2023-01-03 09:52:00,Confidential
user1@company.com,user5@company.com,2023-01-03 08:49:00,Confidential
user17@company.com,user14@company.com,2023-01-03 17:18:00,Confidential
user6@company.com,user7@company.com,2023-01-03 12:11:00,Meeting
user7@company.com,user17@company.com,2023-01-03 09:32:00,Project Update
user15@company.com,user20@company.com,2023-01-03 10:11:00,Meeting
user2@company.com,user7@company.com,2023-01-03 19:48:00,Meeting
user9@company.com,user15@company.com,2023-01-03 14:40:00,Request
user4@company.com,user7@company.com,2023-01-03 08:18:00,Project Update
user13@company.com,user4@company.com,2023-01-03 11:04:00,Invoice
user1@company.com,user20@company.com,2023-01-03 10:30:00,Confidential
user4@company.com,user1@company.com,2023-01-03 07:17:00,Project Update
user19@company.com,user2@company.com,2023-01-03 08:13:00,Request
user1@company.com,user14@company.com,2023-01-03 16:33:00,Invoice
user16@company.com,user17@company.com,2023-01-03 19:21:00,Request
user14@company.com,user11@company.com,2023-01-03 12:43:00,Invoice
user11@company.com,user8@company.com,2023-01-03 12:42:00,Confidential
user13@company.com,user2@company.com,2023-01-03 12:55:00,Invoice
user4@company.com,user1@company.com,2023-01-03 14:55:00,Confidential
user5@company.com,user1@company.com,2023-01-03 16:07:00,Request
user9@company.com,user8@company.com,2023-01-03 12:28:00,Request
user16@company.com,user18@company.com,2023-01-03 13:42:00,Meeting
user1@company.com,user12@company.com,2023-01-03 07:40:00,Invoice
user2@company.com,user12@company.com,2023-01-03 17:28:00,Meeting
user20@company.com,user16@company.com,2023-01-03 13:47:00,Request
user3@company.com,user13@company.com,2023-01-03 13:59:00,Confidential
user4@company.com,user14@company.com,2023-01-03 11:38:00,Meeting
user5@company.com,user18@company.com,2023-01-03 16:50:00,Request
user2@company.com,user6@company.com,2023-01-03 14:50:00,Project Update
user10@company.com,user19@company.com,2023-01-03 14:10:00,Confidential
user4@company.com,user17@company.com,2023-01-03 17:34:00,Meeting
user8@company.com,user7@company.com,2023-01-03 09:48:00,Project Update
user4@company.com,user15@company.com,2023-01-03 18:01:00,Meeting
user11@company.com,user14@company.com,2023-01-03 19:17:00,Meeting
user9@company.com,user17@company.com,2023-01-03 17:07:00,Meeting
user18@company.com,user16@company.com,2023-01-03 08:50:00,Invoice
user8@company.com,user20@company.com,2023-01-03 19:59:00,Request
user3@company.com,user12@company.com,2023-01-03 13:58:00,Confidential
user18@company.com,user14@company.com,2023-01-03 19:14:00,Meeting
user9@company.com,user4@company.com,2023-01-03 11:05:00,Project Update
user3@company.com,user12@company.com,2023-01-03 18:37:00,Meeting
user4@company.com,user20@company.com,2023-01-03 12:08:00,Invoice
user13@company.com,user20@company.com,2023-01-03 18:00:00,Invoice
user2@company.com,user20@company.com,2023-01-03 15:12:00,Confidential
user14@company.com,user11@company.com,2023-01-03 19:23:00,Meeting
user20@company.com,user19@company.com,2023-01-04 10:06:00,Confidential
user1@company.com,user19@company.com,2023-01-04 14:20:00,Meeting
user10@company.com,user8@company.com,2023-01-04 14:43:00,Confidential
user5@company.com,user11@company.com,2023-01-04 09:47:00,Project Update
user20@company.com,user11@company.com,2023-01-04 11:32:00,Project Update
user9@company.com,user20@company.com,2023-01-04 14:40:00,Meeting
user16@company.com,user10@company.com,2023-01-04 18:24:00,Project Update
user11@company.com,user5@company.com,2023-01-04 18:13:00,Meeting
user2@company.com,user7@company.com,2023-01-04 14:46:00,Confidential
user10@company.com,user6@company.com,2023-01-04 07:35:00,Confidential
user11@company.com,user15@company.com,2023-01-04 17:30:00,Invoice
user13@company.com,user14@company.com,2023-01-04 08:33:00,Invoice
user10@company.com,user7@company.com,2023-01-04 18:54:00,Request
user13@company.com,user4@company.com,2023-01-04 09:20:00,Request
user2@company.com,user11@company.com,2023-01-04 14:41:00,Meeting
user19@company.com,user5@company.com,2023-01-04 14:44:00,Confidential
user10@company.com,user5@company.com,2023-01-04 10:13:00,Meeting
user1@company.com,user13@company.com,2023-01-04 18:54:00,Request
user4@company.com,user6@company.com,2023-01-04 13:27:00,Meeting
user2@company.com,user5@company.com,2023-01-04 12:30:00,Meeting
user2@company.com,user5@company.com,2023-01-04 15:41:00,Invoice
user19@company.com,user14@company.com,2023-01-04 09:40:00,Confidential
user8@company.com,user2@company.com,2023-01-04 08:15:00,Confidential
user16@company.com,user10@company.com,2023-01-04 18:38:00,Meeting
user13@company.com,user3@company.com,2023-01-04 19:29:00,Confidential
user9@company.com,user16@company.com,2023-01-04 12:00:00,Project Update
user4@company.com,user3@company.com,2023-01-04 08:31:00,Request
user8@company.com,user1@company.com,2023-01-04 16:36:00,Request
user16@company.com,user9@company.com,2023-01-04 18:47:00,Project Update
user19@company.com,user6@company.com,2023-01-04 13:30:00,Confidential
user10@company.com,user20@company.com,2023-01-04 09:06:00,Invoice
user3@company.com,user19@company.com,2023-01-04 09:25:00,Project Update
user13@company.com,user19@company.com,2023-01-04 15:50:00,Request
user16@company.com,user3@company.com,2023-01-04 15:53:00,Request
user18@company.com,user4@company.com,2023-01-04 19:48:00,Meeting
user4@company.com,user7@company.com,2023-01-04 16:44:00,Meeting
user1@company.com,user19@company.com,2023-01-04 14:51:00,Invoice
user4@company.com,user2@company.com,2023-01-04 09:36:00,Meeting
user6@company.com,user3@company.com,2023-01-04 15:16:00,Project Update
user3@company.com,user5@company.com,2023-01-04 15:19:00,Invoice
user18@company.com,user6@company.com,2023-01-04 13:42:00,Project Update
user8@company.com,user11@company.com,2023-01-04 07:33:00,Invoice
user18@company.com,user15@company.com,2023-01-04 09:36:00,Confidential
user11@company.com,user18@company.com,2023-01-04 12:38:00,Request
user17@company.com,user7@company.com,2023-01-04 18:06:00,Project Update
user8@company.com,user2@company.com,2023-01-04 10:09:00,Invoice
user7@company.com,user5@company.com,2023-01-05 16:35:00,Meeting
user19@company.com,user12@company.com,2023-01-05 11:08:00,Request
user14@company.com,user3@company.com,2023-01-05 15:16:00,Invoice
user13@company.com,user6@company.com,2023-01-05 13:29:00,Project Update
user9@company.com,user15@company.com,2023-01-05 18:09:00,Request
user7@company.com,user3@company.com,2023-01-05 17:46:00,Invoice
user7@company.com,user13@company.com,2023-01-05 16:42:00,Request
user20@company.com,user6@company.com,2023-01-05 13:52:00,Meeting
user11@company.com,user15@company.com,2023-01-05 13:01:00,Request
user8@company.com,user3@company.com,2023-01-05 11:07:00,Request
user4@company.com,user19@company.com,2023-01-05 13:04:00,Invoice
user3@company.com,user13@company.com,2023-01-05 12:49:00,Invoice
user5@company.com,user9@company.com,2023-01-05 11:00:00,Project Update
user13@company.com,user8@company.com,2023-01-05 13:06:00,Project Update
user6@company.com,user18@company.com,2023-01-05 18:56:00,Invoice
user19@company.com,user16@company.com,2023-01-05 08:33:00,Invoice
user19@company.com,user10@company.com,2023-01-05 15:17:00,Request
user4@company.com,user2@company.com,2023-01-05 09:20:00,Confidential
user6@company.com,user13@company.com,2023-01-05 19:47:00,Request
user18@company.com,user13@company.com,2023-01-05 14:37:00,Meeting
user9@company.com,user1@company.com,2023-01-05 17:32:00,Meeting
user5@company.com,user6@company.com,2023-01-05 13:36:00,Invoice
user2@company.com,user13@company.com,2023-01-05 18:49:00,Meeting
user20@company.com,user14@company.com,2023-01-05 18:29:00,Meeting
user15@company.com,user12@company.com,2023-01-05 19:29:00,Request
user10@company.com,user9@company.com,2023-01-05 13:33:00,Meeting
user10@company.com,user3@company.com,2023-01-05 11:26:00,Invoice
user3@company.com,user4@company.com,2023-01-05 08:46:00,Meeting
user3@company.com,user7@company.com,2023-01-05 16:03:00,Project Update
user10@company.com,user19@company.com,2023-01-05 14:51:00,Project Update
user14@company.com,user18@company.com,2023-01-05 18:08:00,Confidential
user16@company.com,user18@company.com,2023-01-05 17:43:00,Request
user4@company.com,user14@company.com,2023-01-05 07:39:00,Meeting
user1@company.com,user15@company.com,2023-01-05 18:34:00,Invoice
user8@company.com,user18@company.com,2023-01-05 17:38:00,Project Update
user20@company.com,user15@company.com,2023-01-05 09:43:00,Request
user8@company.com,user6@company.com,2023-01-05 08:23:00,Meeting
user17@company.com,user12@company.com,2023-01-05 07:27:00,Confidential
user13@company.com,user6@company.com,2023-01-05 12:07:00,Invoice
user8@company.com,user19@company.com,2023-01-05 19:54:00,Project Update
user10@company.com,user11@company.com,2023-01-05 14:18:00,Invoice
user7@company.com,user1@company.com,2023-01-05 18:40:00,Request
user13@company.com,user7@company.com,2023-01-05 11:59:00,Request
user2@company.com,user16@company.com,2023-01-05 16:54:00,Confidential
user2@company.com,user13@company.com,2023-01-05 07:39:00,Confidential
user11@company.com,user10@company.com,2023-01-05 12:06:00,Project Update
user12@company.com,user6@company.com,2023-01-05 13:22:00,Project Update
user4@company.com,user15@company.com,2023-01-05 14:12:00,Project Update
user17@company.com,user18@company.com,2023-01-05 09:26:00,Project Update
user16@company.com,user1@company.com,2023-01-05 09:49:00,Invoice
user8@company.com,user17@company.com,2023-01-05 13:23:00,Invoice
user12@company.com,user15@company.com,2023-01-05 09:34:00,Invoice
user4@company.com,user16@company.com,2023-01-05 17:53:00,Confidential
user6@company.com,user5@company.com,2023-01-05 12:47:00,Confidential
user1@company.com,user13@company.com,2023-01-05 18:12:00,Project Update
user7@company.com,user11@company.com,2023-01-05 07:08:00,Confidential
user14@company.com,user11@company.com,2023-01-05 07:10:00,Meeting
user16@company.com,user9@company.com,2023-01-06 08:26:00,Confidential
user18@company.com,user16@company.com,2023-01-06 19:43:00,Meeting
user11@company.com,user14@company.com,2023-01-06 15:46:00,Confidential
user5@company.com,user4@company.com,2023-01-06 08:50:00,Project Update
user5@company.com,user6@company.com,2023-01-06 12:32:00,Project Update
user8@company.com,user2@company.com,2023-01-06 17:53:00,Invoice
user14@company.com,user1@company.com,2023-01-06 13:30:00,Invoice
user10@company.com,user17@company.com,2023-01-06 08:48:00,Confidential
user8@company.com,user5@company.com,2023-01-06 18:32:00,Meeting
user8@company.com,user10@company.com,2023-01-06 19:07:00,Invoice
user8@company.com,user15@company.com,2023-01-06 10:30:00,Project Update
user17@company.com,user6@company.com,2023-01-06 10:54:00,Request
user5@company.com,user9@company.com,2023-01-06 08:08:00,Confidential
user2@company.com,user10@company.com,2023-01-06 10:59:00,Meeting
user14@company.com,user1@company.com,2023-01-06 16:12:00,Project Update
user2@company.com,user14@company.com,2023-01-06 13:33:00,Invoice
user8@company.com,user9@company.com,2023-01-06 12:27:00,Confidential
user2@company.com,user18@company.com,2023-01-06 13:41:00,Project Update
user10@company.com,user4@company.com,2023-01-06 11:23:00,Invoice
user12@company.com,user15@company.com,2023-01-06 10:20:00,Project Update
user6@company.com,user2@company.com,2023-01-06 07:03:00,Invoice
user7@company.com,user11@company.com,2023-01-06 14:17:00,Request
user4@company.com,user15@company.com,2023-01-06 09:16:00,Confidential
user12@company.com,user11@company.com,2023-01-06 11:07:00,Project Update
user1@company.com,user19@company.com,2023-01-06 19:55:00,Meeting
user11@company.com,user13@company.com,2023-01-06 18:51:00,Invoice
user19@company.com,user17@company.com,2023-01-06 16:23:00,Meeting
user9@company.com,user7@company.com,2023-01-06 16:24:00,Project Update
user4@company.com,user6@company.com,2023-01-06 17:47:00,Request
user4@company.com,user2@company.com,2023-01-06 16:58:00,Meeting
user7@company.com,user16@company.com,2023-01-06 08:04:00,Request
user20@company.com,user11@company.com,2023-01-06 11:46:00,Confidential
user7@company.com,user19@company.com,2023-01-06 18:09:00,Project Update
user5@company.com,user8@company.com,2023-01-06 13:35:00,Invoice
user18@company.com,user12@company.com,2023-01-06 12:28:00,Project Update
user14@company.com,user3@company.com,2023-01-06 14:26:00,Request
user17@company.com,user1@company.com,2023-01-06 09:38:00,Invoice
user5@company.com,user11@company.com,2023-01-06 07:36:00,Project Update
user7@company.com,user14@company.com,2023-01-06 14:43:00,Request
user17@company.com,user3@company.com,2023-01-06 09:28:00,Request
user13@company.com,user19@company.com,2023-01-06 19:24:00,Confidential
user20@company.com,user9@company.com,2023-01-06 10:11:00,Project Update
user6@company.com,user20@company.com,2023-01-06 10:37:00,Project Update
user17@company.com,user15@company.com,2023-01-06 15:45:00,Request
user9@company.com,user11@company.com,2023-01-06 10:18:00,Invoice
user18@company.com,user4@company.com,2023-01-06 09:14:00,Project Update
user18@company.com,user8@company.com,2023-01-06 11:02:00,Meeting
user9@company.com,user5@company.com,2023-01-06 11:55:00,Project Update
user8@company.com,user7@company.com,2023-01-06 15:07:00,Project Update
user12@company.com,user13@company.com,2023-01-06 12:05:00,Request
user9@company.com,user5@company.com,2023-01-06 13:57:00,Request
user10@company.com,user12@company.com,2023-01-06 07:40:00,Project Update
user12@company.com,user8@company.com,2023-01-06 18:17:00,Meeting
user9@company.com,user1@company.com,2023-01-06 15:42:00,Request
user4@company.com,user14@company.com,2023-01-06 17:16:00,Request
user18@company.com,user7@company.com,2023-01-06 14:14:00,Invoice
user9@company.com,user7@company.com,2023-01-06 16:40:00,Confidential
user5@company.com,user16@company.com,2023-01-06 10:46:00,Confidential
user12@company.com,user5@company.com,2023-01-06 14:05:00,Confidential
user6@company.com,user16@company.com,2023-01-06 09:52:00,Meeting
user19@company.com,user16@company.com,2023-01-07 18:11:00,Invoice
user1@company.com,user11@company.com,2023-01-07 09:56:00,Meeting
user13@company.com,user7@company.com,2023-01-07 08:09:00,Project Update
user14@company.com,user8@company.com,2023-01-07 14:58:00,Confidential
user4@company.com,user18@company.com,2023-01-07 09:46:00,Project Update
user20@company.com,user4@company.com,2023-01-07 13:24:00,Project Update
user4@company.com,user1@company.com,2023-01-07 19:53:00,Project Update
user5@company.com,user9@company.com,2023-01-07 19:05:00,Invoice
user5@company.com,user1@company.com,2023-01-07 19:00:00,Project Update
user18@company.com,user11@company.com,2023-01-07 18:05:00,Meeting
user5@company.com,user17@company.com,2023-01-07 19:36:00,Confidential
user6@company.com,user11@company.com,2023-01-07 12:30:00,Meeting
user8@company.com,user2@company.com,2023-01-07 15:44:00,Invoice
user18@company.com,user4@company.com,2023-01-07 07:52:00,Project Update
user4@company.com,user19@company.com,2023-01-07 11:06:00,Request
user14@company.com,user5@company.com,2023-01-07 07:58:00,Meeting
user1@company.com,user9@company.com,2023-01-07 13:24:00,Meeting
user12@company.com,user10@company.com,2023-01-07 10:58:00,Confidential
user4@company.com,user17@company.com,2023-01-07 09:07:00,Meeting
user4@company.com,user11@company.com,2023-01-07 12:04:00,Request
user11@company.com,user4@company.com,2023-01-07 12:59:00,Project Update
user2@company.com,user6@company.com,2023-01-07 09:27:00,Request
user11@company.com,user6@company.com,2023-01-07 17:27:00,Meeting
user10@company.com,user11@company.com,2023-01-07 12:56:00,Project Update
user9@company.com,user17@company.com,2023-01-07 17:23:00,Invoice
user3@company.com,user1@company.com,2023-01-07 09:49:00,Meeting
user11@company.com,user5@company.com,2023-01-07 13:28:00,Confidential
user3@company.com,user5@company.com,2023-01-07 16:27:00,Invoice
user5@company.com,user3@company.com,2023-01-07 12:08:00,Meeting
user13@company.com,user12@company.com,2023-01-07 12:31:00,Confidential
user16@company.com,user14@company.com,2023-01-07 16:50:00,Invoice
user5@company.com,user9@company.com,2023-01-07 13:26:00,Request
user16@company.com,user19@company.com,2023-01-07 15:31:00,Request
user18@company.com,user8@company.com,2023-01-07 13:05:00,Request
user14@company.com,user18@company.com,2023-01-07 16:49:00,Meeting
user3@company.com,user9@company.com,2023-01-07 12:00:00,Meeting
user1@company.com,user13@company.com,2023-01-08 15:30:00,Meeting
user4@company.com,user2@company.com,2023-01-08 12:23:00,Meeting
user10@company.com,user16@company.com,2023-01-08 09:53:00,Request
user14@company.com,user8@company.com,2023-01-08 10:52:00,Meeting
user2@company.com,user6@company.com,2023-01-08 08:44:00,Meeting
user13@company.com,user1@company.com,2023-01-08 18:27:00,Invoice
user2@company.com,user5@company.com,2023-01-08 17:37:00,Project Update
user16@company.com,user6@company.com,2023-01-08 07:09:00,Invoice
user5@company.com,user3@company.com,2023-01-08 10:04:00,Project Update
user19@company.com,user14@company.com,2023-01-08 09:48:00,Meeting
user16@company.com,user5@company.com,2023-01-08 18:33:00,Invoice
user16@company.com,user14@company.com,2023-01-08 18:21:00,Confidential
user1@company.com,user11@company.com,2023-01-08 08:09:00,Project Update
user2@company.com,user7@company.com,2023-01-08 15:10:00,Project Update
user13@company.com,user15@company.com,2023-01-08 17:56:00,Confidential
user18@company.com,user9@company.com,2023-01-08 16:32:00,Invoice
user8@company.com,user15@company.com,2023-01-08 09:17:00,Project Update
user17@company.com,user13@company.com,2023-01-08 09:47:00,Meeting
user13@company.com,user2@company.com,2023-01-08 10:25:00,Meeting
user18@company.com,user3@company.com,2023-01-08 18:29:00,Confidential
user11@company.com,user14@company.com,2023-01-08 13:10:00,Project Update
user12@company.com,user15@company.com,2023-01-08 10:17:00,Project Update
user4@company.com,user3@company.com,2023-01-08 12:38:00,Invoice
user1@company.com,user9@company.com,2023-01-08 11:10:00,Request
user4@company.com,user3@company.com,2023-01-08 10:38:00,Project Update
user10@company.com,user7@company.com,2023-01-08 15:12:00,Project Update
user8@company.com,user10@company.com,2023-01-08 08:36:00,Request
user2@company.com,user20@company.com,2023-01-08 19:30:00,Project Update
user2@company.com,user12@company.com,2023-01-08 08:19:00,Project Update
user12@company.com,user10@company.com,2023-01-08 13:32:00,Meeting
user11@company.com,user14@company.com,2023-01-08 18:22:00,Meeting
user4@company.com,user12@company.com,2023-01-08 13:57:00,Request
user4@company.com,user18@company.com,2023-01-08 19:49:00,Meeting
user1@company.com,user20@company.com,2023-01-08 19:24:00,Confidential
user19@company.com,user2@company.com,2023-01-08 11:10:00,Meeting
user15@company.com,user3@company.com,2023-01-08 17:05:00,Meeting
user7@company.com,user5@company.com,2023-01-08 19:45:00,Meeting
user17@company.com,user18@company.com,2023-01-08 18:38:00,Request
user11@company.com,user16@company.com,2023-01-08 19:08:00,Invoice
user10@company.com,user13@company.com,2023-01-08 16:54:00,Confidential
user2@company.com,user14@company.com,2023-01-08 10:13:00,Request
user20@company.com,user3@company.com,2023-01-08 09:36:00,Confidential
user4@company.com,user1@company.com,2023-01-08 09:49:00,Invoice
user18@company.com,user3@company.com,2023-01-08 14:06:00,Confidential
user11@company.com,user6@company.com,2023-01-08 11:10:00,Project Update
user9@company.com,user20@company.com,2023-01-08 12:22:00,Project Update
user3@company.com,user7@company.com,2023-01-08 18:49:00,Confidential
user9@company.com,user17@company.com,2023-01-08 11:48:00,Confidential
user5@company.com,user4@company.com,2023-01-08 16:31:00,Project Update
user12@company.com,user10@company.com,2023-01-08 13:26:00,Request
user5@company.com,user16@company.com,2023-01-08 12:32:00,Request
user11@company.com,user13@company.com,2023-01-08 08:43:00,Confidential
user17@company.com,user15@company.com,2023-01-08 11:56:00,Project Update
user20@company.com,user2@company.com,2023-01-08 18:50:00,Meeting
user18@company.com,user1@company.com,2023-01-08 09:54:00,Project Update
user10@company.com,user14@company.com,2023-01-08 09:36:00,Confidential
user3@company.com,user9@company.com,2023-01-08 13:55:00,Confidential
user3@company.com,user13@company.com,2023-01-09 14:29:00,Request
user15@company.com,user4@company.com,2023-01-09 08:11:00,Project Update
user13@company.com,user15@company.com,2023-01-09 10:25:00,Invoice
user3@company.com,user12@company.com,2023-01-09 12:38:00,Confidential
user7@company.com,user17@company.com,2023-01-09 08:17:00,Confidential
user2@company.com,user19@company.com,2023-01-09 09:30:00,Meeting
user7@company.com,user12@company.com,2023-01-09 16:02:00,Request
user13@company.com,user2@company.com,2023-01-09 19:23:00,Confidential
user16@company.com,user7@company.com,2023-01-09 07:13:00,Project Update
user14@company.com,user9@company.com,2023-01-09 11:40:00,Meeting
user3@company.com,user6@company.com,2023-01-09 08:17:00,Confidential
user3@company.com,user11@company.com,2023-01-09 18:28:00,Confidential
user17@company.com,user7@company.com,2023-01-09 17:57:00,Invoice
user6@company.com,user2@company.com,2023-01-09 08:57:00,Confidential
user11@company.com,user10@company.com,2023-01-09 09:12:00,Invoice
user14@company.com,user17@company.com,2023-01-09 14:34:00,Meeting
user14@company.com,user12@company.com,2023-01-09 18:36:00,Confidential
user1@company.com,user19@company.com,2023-01-09 19:57:00,Request
user7@company.com,user3@company.com,2023-01-09 18:42:00,Request
user20@company.com,user5@company.com,2023-01-09 12:42:00,Invoice
user1@company.com,user6@company.com,2023-01-09 14:59:00,Meeting
user16@company.com,user11@company.com,2023-01-09 08:50:00,Confidential
user9@company.com,user18@company.com,2023-01-09 18:00:00,Confidential
user5@company.com,user16@company.com,2023-01-09 17:37:00,Project Update
user2@company.com,user8@company.com,2023-01-09 18:12:00,Confidential
user18@company.com,user6@company.com,2023-01-09 16:24:00,Meeting
user12@company.com,user7@company.com,2023-01-09 10:43:00,Request
user1@company.com,user13@company.com,2023-01-09 12:01:00,Invoice
user10@company.com,user18@company.com,2023-01-09 08:44:00,Confidential
user15@company.com,user14@company.com,2023-01-09 13:22:00,Invoice
user18@company.com,user14@company.com,2023-01-09 15:48:00,Invoice
user4@company.com,user7@company.com,2023-01-09 14:27:00,Invoice
user6@company.com,user19@company.com,2023-01-09 16:10:00,Request
user14@company.com,user13@company.com,2023-01-09 11:54:00,Confidential
user10@company.com,user4@company.com,2023-01-09 08:51:00,Project Update
user3@company.com,user1@company.com,2023-01-09 16:59:00,Confidential
user4@company.com,user17@company.com,2023-01-09 18:48:00,Request
user18@company.com,user4@company.com,2023-01-09 17:28:00,Request
user19@company.com,user2@company.com,2023-01-09 17:18:00,Confidential
user7@company.com,user9@company.com,2023-01-09 19:29:00,Request
user13@company.com,user4@company.com,2023-01-09 10:54:00,Confidential
user4@company.com,user13@company.com,2023-01-09 19:58:00,Confidential
user14@company.com,user13@company.com,2023-01-09 07:23:00,Meeting
user17@company.com,user10@company.com,2023-01-09 11:56:00,Invoice
user10@company.com,user15@company.com,2023-01-09 17:15:00,Project Update
user14@company.com,user2@company.com,2023-01-09 07:01:00,Meeting
user12@company.com,user18@company.com,2023-01-09 18:38:00,Invoice
user11@company.com,user6@company.com,2023-01-09 16:27:00,Meeting
user18@company.com,user13@company.com,2023-01-09 10:39:00,Confidential
user2@company.com,user20@company.com,2023-01-09 13:08:00,Confidential
user6@company.com,user14@company.com,2023-01-09 12:33:00,Meeting
user8@company.com,user4@company.com,2023-01-10 18:51:00,Meeting
user17@company.com,user4@company.com,2023-01-10 17:36:00,Confidential
user9@company.com,user19@company.com,2023-01-10 09:20:00,Meeting
user3@company.com,user4@company.com,2023-01-10 07:27:00,Project Update
user19@company.com,user5@company.com,2023-01-10 07:39:00,Request
user3@company.com,user20@company.com,2023-01-10 13:01:00,Meeting
user15@company.com,user12@company.com,2023-01-10 09:15:00,Meeting
user10@company.com,user7@company.com,2023-01-10 15:53:00,Meeting
user13@company.com,user9@company.com,2023-01-10 17:03:00,Invoice
user3@company.com,user6@company.com,2023-01-10 17:01:00,Request
user4@company.com,user5@company.com,2023-01-10 14:59:00,Request
user4@company.com,user5@company.com,2023-01-10 09:18:00,Invoice
user6@company.com,user3@company.com,2023-01-10 08:31:00,Invoice
user7@company.com,user14@company.com,2023-01-10 08:31:00,Project Update
user14@company.com,user3@company.com,2023-01-10 14:40:00,Project Update
user7@company.com,user15@company.com,2023-01-10 13:56:00,Invoice
user15@company.com,user6@company.com,2023-01-10 09:19:00,Project Update
user6@company.com,user20@company.com,2023-01-10 17:38:00,Project Update
user4@company.com,user12@company.com,2023-01-10 12:30:00,Request
user20@company.com,user18@company.com,2023-01-10 07:10:00,Request
user9@company.com,user4@company.com,2023-01-10 10:38:00,Project Update
user18@company.com,user1@company.com,2023-01-10 15:32:00,Meeting
user7@company.com,user13@company.com,2023-01-10 08:57:00,Meeting
user1@company.com,user12@company.com,2023-01-10 09:14:00,Project Update
user5@company.com,user10@company.com,2023-01-10 11:30:00,Meeting
user3@company.com,user13@company.com,2023-01-10 18:35:00,Invoice
user15@company.com,user17@company.com,2023-01-10 13:32:00,Confidential
user7@company.com,user10@company.com,2023-01-10 09:12:00,Invoice
user13@company.com,user4@company.com,2023-01-10 16:50:00,Request
user10@company.com,user6@company.com,2023-01-10 19:13:00,Confidential
user14@company.com,user16@company.com,2023-01-10 13:38:00,Invoice
user11@company.com,user4@company.com,2023-01-10 16:24:00,Confidential
user7@company.com,user20@company.com,2023-01-10 12:23:00,Project Update
user15@company.com,user6@company.com,2023-01-10 07:32:00,Invoice
user19@company.com,user14@company.com,2023-01-10 11:38:00,Request
user12@company.com,user14@company.com,2023-01-10 07:07:00,Meeting
user11@company.com,user15@company.com,2023-01-10 19:11:00,Invoice
user8@company.com,user3@company.com,2023-01-10 10:42:00,Invoice
user12@company.com,user5@company.com,2023-01-10 19:20:00,Project Update
user1@company.com,user12@company.com,2023-01-10 18:00:00,Invoice
user7@company.com,user16@company.com,2023-01-10 16:50:00,Invoice
user8@company.com,user19@company.com,2023-01-10 08:24:00,Invoice
user20@company.com,user7@company.com,2023-01-10 15:13:00,Project Update
user9@company.com,user3@company.com,2023-01-11 16:57:00,Confidential
user14@company.com,user11@company.com,2023-01-11 12:12:00,Meeting
user2@company.com,user17@company.com,2023-01-11 14:02:00,Invoice
user14@company.com,user4@company.com,2023-01-11 08:28:00,Meeting
user20@company.com,user11@company.com,2023-01-11 16:24:00,Meeting
user19@company.com,user1@company.com,2023-01-11 11:01:00,Request
user1@company.com,user16@company.com,2023-01-11 11:08:00,Confidential
user2@company.com,user19@company.com,2023-01-11 15:02:00,Invoice
user1@company.com,user4@company.com,2023-01-11 14:06:00,Confidential
user10@company.com,user9@company.com,2023-01-11 12:48:00,Invoice
user13@company.com,user3@company.com,2023-01-11 15:49:00,Invoice
user16@company.com,user2@company.com,2023-01-11 13:19:00,Confidential
user16@company.com,user4@company.com,2023-01-11 12:39:00,Project Update
user1@company.com,user9@company.com,2023-01-11 07:52:00,Project Update
user5@company.com,user4@company.com,2023-01-11 12:55:00,Confidential
user8@company.com,user6@company.com,2023-01-11 08:12:00,Invoice
user18@company.com,user1@company.com,2023-01-11 18:55:00,Project Update
user9@company.com,user2@company.com,2023-01-11 08:03:00,Invoice
user3@company.com,user10@company.com,2023-01-11 12:44:00,Request
user13@company.com,user9@company.com,2023-01-11 18:10:00,Meeting
user19@company.com,user15@company.com,2023-01-11 08:08:00,Invoice
user5@company.com,user20@company.com,2023-01-11 13:40:00,Confidential
user4@company.com,user18@company.com,2023-01-11 15:15:00,Request
user16@company.com,user17@company.com,2023-01-11 11:20:00,Confidential
user8@company.com,user3@company.com,2023-01-11 11:49:00,Invoice
user3@company.com,user13@company.com,2023-01-11 15:53:00,Meeting
user7@company.com,user3@company.com,2023-01-11 08:31:00,Project Update
user7@company.com,user1@company.com,2023-01-11 17:13:00,Confidential
user13@company.com,user7@company.com,2023-01-11 14:06:00,Invoice
user7@company.com,user20@company.com,2023-01-11 19:33:00,Request
user11@company.com,user10@company.com,2023-01-11 18:29:00,Meeting
user17@company.com,user4@company.com,2023-01-11 09:14:00,Invoice
user13@company.com,user16@company.com,2023-01-11 16:32:00,Meeting
user13@company.com,user7@company.com,2023-01-11 08:17:00,Confidential
user6@company.com,user11@company.com,2023-01-11 16:41:00,Project Update
user5@company.com,user16@company.com,2023-01-11 08:47:00,Project Update
user8@company.com,user1@company.com,2023-01-11 14:11:00,Invoice
user1@company.com,user17@company.com,2023-01-11 17:33:00,Confidential
user12@company.com,user9@company.com,2023-01-11 08:59:00,Request
user3@company.com,user13@company.com,2023-01-11 13:13:00,Meeting
user13@company.com,user18@company.com,2023-01-11 13:32:00,Invoice
user2@company.com,user16@company.com,2023-01-11 11:23:00,Project Update
user2@company.com,user14@company.com,2023-01-11 18:59:00,Confidential
user7@company.com,user11@company.com,2023-01-11 10:25:00,Meeting
user20@company.com,user9@company.com,2023-01-11 15:38:00,Confidential
user17@company.com,user14@company.com,2023-01-11 08:43:00,Project Update
user8@company.com,user4@company.com,2023-01-11 10:07:00,Project Update
user2@company.com,user20@company.com,2023-01-12 11:15:00,Project Update
user18@company.com,user4@company.com,2023-01-12 11:14:00,Request
user13@company.com,user14@company.com,2023-01-12 13:06:00,Meeting
user9@company.com,user17@company.com,2023-01-12 10:10:00,Meeting
user12@company.com,user10@company.com,2023-01-12 18:38:00,Invoice
user1@company.com,user5@company.com,2023-01-12 09:32:00,Request
user16@company.com,user10@company.com,2023-01-12 18:15:00,Meeting
user11@company.com,user3@company.com,2023-01-12 09:11:00,Invoice
user15@company.com,user5@company.com,2023-01-12 07:42:00,Confidential
user14@company.com,user11@company.com,2023-01-12 07:11:00,Invoice
user3@company.com,user7@company.com,2023-01-12 17:48:00,Project Update
user20@company.com,user12@company.com,2023-01-12 14:37:00,Project Update
user16@company.com,user8@company.com,2023-01-12 14:07:00,Project Update
user1@company.com,user20@company.com,2023-01-12 17:18:00,Meeting
user17@company.com,user18@company.com,2023-01-12 09:48:00,Meeting
user4@company.com,user5@company.com,2023-01-12 11:51:00,Invoice
user15@company.com,user17@company.com,2023-01-12 18:22:00,Request
user9@company.com,user17@company.com,2023-01-12 11:23:00,Confidential
user1@company.com,user13@company.com,2023-01-12 11:45:00,Invoice
user17@company.com,user16@company.com,2023-01-12 08:17:00,Request
user1@company.com,user6@company.com,2023-01-12 13:54:00,Meeting
user5@company.com,user13@company.com,2023-01-12 14:01:00,Meeting
user19@company.com,user14@company.com,2023-01-12 12:13:00,Project Update
user7@company.com,user14@company.com,2023-01-12 17:06:00,Invoice
user18@company.com,user15@company.com,2023-01-12 15:11:00,Invoice
user12@company.com,user11@company.com,2023-01-12 13:37:00,Confidential
user9@company.com,user11@company.com,2023-01-12 10:02:00,Request
user17@company.com,user11@company.com,2023-01-12 16:07:00,Confidential
user15@company.com,user20@company.com,2023-01-12 19:50:00,Invoice
user10@company.com,user4@company.com,2023-01-12 07:31:00,Meeting
user15@company.com,user5@company.com,2023-01-12 15:18:00,Request
user18@company.com,user6@company.com,2023-01-12 11:31:00,Invoice
user3@company.com,user11@company.com,2023-01-12 07:29:00,Project Update
user7@company.com,user11@company.com,2023-01-12 16:07:00,Project Update
user16@company.com,user10@company.com,2023-01-12 07:27:00,Invoice
user1@company.com,user3@company.com,2023-01-12 11:08:00,Invoice
user10@company.com,user18@company.com,2023-01-12 17:49:00,Request
user5@company.com,user3@company.com,2023-01-12 18:17:00,Meeting
user7@company.com,user15@company.com,2023-01-12 16:58:00,Project Update
user10@company.com,user8@company.com,2023-01-12 07:30:00,Invoice
user8@company.com,user14@company.com,2023-01-12 13:25:00,Project Update
user9@company.com,user11@company.com,2023-01-12 16:19:00,Meeting
user19@company.com,user14@company.com,2023-01-12 17:56:00,Invoice
user19@company.com,user5@company.com,2023-01-12 17:49:00,Meeting
user9@company.com,user5@company.com,2023-01-12 13:35:00,Meeting
user10@company.com,user11@company.com,2023-01-12 08:19:00,Request
user15@company.com,user19@company.com,2023-01-12 09:24:00,Confidential
user4@company.com,user6@company.com,2023-01-12 15:28:00,Invoice
user17@company.com,user12@company.com,2023-01-12 14:22:00,Confidential
user15@company.com,user14@company.com,2023-01-12 13:29:00,Project Update
user18@company.com,user1@company.com,2023-01-12 19:26:00,Project Update
user5@company.com,user11@company.com,2023-01-12 19:15:00,Request
user17@company.com,user12@company.com,2023-01-12 09:39:00,Request
user19@company.com,user10@company.com,2023-01-12 07:48:00,Confidential
user5@company.com,user14@company.com,2023-01-12 17:00:00,Confidential
user17@company.com,user15@company.com,2023-01-12 07:05:00,Project Update
user9@company.com,user4@company.com,2023-01-12 12:38:00,Project Update
user10@company.com,user20@company.com,2023-01-12 14:44:00,Invoice
user2@company.com,user5@company.com,2023-01-13 18:37:00,Request
user2@company.com,user8@company.com,2023-01-13 15:09:00,Request
user16@company.com,user5@company.com,2023-01-13 10:57:00,Meeting
user10@company.com,user11@company.com,2023-01-13 18:59:00,Project Update
user16@company.com,user7@company.com,2023-01-13 08:04:00,Project Update
user5@company.com,user4@company.com,2023-01-13 15:06:00,Meeting
user7@company.com,user4@company.com,2023-01-13 14:01:00,Request
user15@company.com,user13@company.com,2023-01-13 07:59:00,Project Update
user10@company.com,user14@company.com,2023-01-13 14:11:00,Meeting
user18@company.com,user9@company.com,2023-01-13 16:43:00,Confidential
user20@company.com,user4@company.com,2023-01-13 13:09:00,Project Update
user6@company.com,user5@company.com,2023-01-13 18:42:00,Meeting
user6@company.com,user18@company.com,2023-01-13 18:44:00,Request
user7@company.com,user17@company.com,2023-01-13 14:18:00,Invoice
user4@company.com,user20@company.com,2023-01-13 14:23:00,Invoice
user13@company.com,user14@company.com,2023-01-13 18:51:00,Project Update
user15@company.com,user14@company.com,2023-01-13 13:09:00,Project Update
user10@company.com,user16@company.com,2023-01-13 08:36:00,Confidential
user1@company.com,user20@company.com,2023-01-13 11:02:00,Request
user15@company.com,user2@company.com,2023-01-13 12:08:00,Confidential
user15@company.com,user9@company.com,2023-01-13 07:10:00,Invoice
user17@company.com,user18@company.com,2023-01-13 10:22:00,Request
user13@company.com,user18@company.com,2023-01-13 08:11:00,Meeting
user12@company.com,user20@company.com,2023-01-13 12:29:00,Meeting
user9@company.com,user11@company.com,2023-01-13 13:04:00,Confidential
user13@company.com,user17@company.com,2023-01-13 16:42:00,Meeting
user19@company.com,user17@company.com,2023-01-13 19:42:00,Request
user9@company.com,user5@company.com,2023-01-13 18:20:00,Request
user19@company.com,user12@company.com,2023-01-13 16:39:00,Confidential
user3@company.com,user2@company.com,2023-01-13 07:54:00,Meeting
user8@company.com,user4@company.com,2023-01-13 17:06:00,Confidential
user16@company.com,user11@company.com,2023-01-13 19:14:00,Meeting
user4@company.com,user7@company.com,2023-01-13 18:57:00,Confidential
user14@company.com,user3@company.com,2023-01-13 07:39:00,Invoice
user4@company.com,user2@company.com,2023-01-13 18:04:00,Confidential
user12@company.com,user1@company.com,2023-01-13 09:20:00,Project Update
user15@company.com,user13@company.com,2023-01-13 09:40:00,Request
user18@company.com,user7@company.com,2023-01-13 10:16:00,Confidential
user15@company.com,user10@company.com,2023-01-13 10:12:00,Meeting
user14@company.com,user18@company.com,2023-01-13 19:50:00,Meeting
user3@company.com,user20@company.com,2023-01-13 07:40:00,Project Update
user7@company.com,user2@company.com,2023-01-13 19:08:00,Project Update
user12@company.com,user15@company.com,2023-01-13 16:34:00,Project Update
user11@company.com,user6@company.com,2023-01-13 17:46:00,Request
user16@company.com,user7@company.com,2023-01-13 10:36:00,Confidential
user17@company.com,user12@company.com,2023-01-13 12:39:00,Request
user5@company.com,user3@company.com,2023-01-13 14:27:00,Confidential
user3@company.com,user20@company.com,2023-01-13 08:08:00,Request
user10@company.com,user4@company.com,2023-01-13 08:31:00,Meeting
user2@company.com,user19@company.com,2023-01-13 12:01:00,Meeting
user10@company.com,user9@company.com,2023-01-13 13:45:00,Invoice
user3@company.com,user7@company.com,2023-01-13 11:04:00,Request
user19@company.com,user8@company.com,2023-01-13 15:59:00,Request
user17@company.com,user10@company.com,2023-01-13 13:39:00,Project Update
user18@company.com,user4@company.com,2023-01-13 16:30:00,Invoice
user1@company.com,user3@company.com,2023-01-13 12:26:00,Invoice
user7@company.com,user12@company.com,2023-01-13 19:03:00,Meeting
user18@company.com,user11@company.com,2023-01-14 19:42:00,Project Update
user8@company.com,user17@company.com,2023-01-14 08:51:00,Request
user20@company.com,user2@company.com,2023-01-14 12:04:00,Confidential
user20@company.com,user3@company.com,2023-01-14 15:30:00,Meeting
user9@company.com,user2@company.com,2023-01-14 08:02:00,Confidential
user17@company.com,user8@company.com,2023-01-14 17:22:00,Confidential
user16@company.com,user10@company.com,2023-01-14 19:54:00,Meeting
user1@company.com,user3@company.com,2023-01-14 07:49:00,Meeting
user18@company.com,user13@company.com,2023-01-14 17:43:00,Project Update
user18@company.com,user16@company.com,2023-01-14 07:24:00,Confidential
user5@company.com,user15@company.com,2023-01-14 18:27:00,Request
user5@company.com,user4@company.com,2023-01-14 14:07:00,Request
user12@company.com,user13@company.com,2023-01-14 10:21:00,Confidential
user2@company.com,user9@company.com,2023-01-14 10:05:00,Request
user1@company.com,user9@company.com,2023-01-14 13:47:00,Request
user19@company.com,user2@company.com,2023-01-14 19:00:00,Meeting
user2@company.com,user4@company.com,2023-01-14 07:08:00,Confidential
user6@company.com,user11@company.com,2023-01-14 07:20:00,Invoice
user20@company.com,user8@company.com,2023-01-14 11:08:00,Request
user13@company.com,user17@company.com,2023-01-14 17:07:00,Project Update
user3@company.com,user10@company.com,2023-01-14 15:13:00,Confidential
user12@company.com,user8@company.com,2023-01-14 14:45:00,Invoice
user12@company.com,user19@company.com,2023-01-14 11:55:00,Meeting
user17@company.com,user9@company.com,2023-01-14 12:44:00,Request
user17@company.com,user4@company.com,2023-01-14 07:22:00,Confidential
user20@company.com,user16@company.com,2023-01-14 11:05:00,Meeting
user5@company.com,user18@company.com,2023-01-14 10:19:00,Request
user7@company.com,user4@company.com,2023-01-14 12:46:00,Meeting
user2@company.com,user9@company.com,2023-01-14 18:28:00,Confidential
user4@company.com,user1@company.com,2023-01-14 14:53:00,Project Update
user9@company.com,user10@company.com,2023-01-14 16:24:00,Invoice
user3@company.com,user2@company.com,2023-01-14 11:54:00,Request
user13@company.com,user17@company.com,2023-01-14 07:55:00,Confidential
user13@company.com,user16@company.com,2023-01-14 07:14:00,Meeting
user13@company.com,user6@company.com,2023-01-14 17:27:00,Request
user2@company.com,user11@company.com,2023-01-14 07:34:00,Invoice
user1@company.com,user12@company.com,2023-01-15 11:51:00,Request
user7@company.com,user1@company.com,2023-01-15 12:46:00,Request
user14@company.com,user15@company.com,2023-01-15 19:46:00,Project Update
user4@company.com,user19@company.com,2023-01-15 13:46:00,Invoice
user18@company.com,user15@company.com,2023-01-15 13:36:00,Request
user17@company.com,user9@company.com,2023-01-15 09:24:00,Confidential
user8@company.com,user5@company.com,2023-01-15 07:17:00,Invoice
user3@company.com,user9@company.com,2023-01-15 19:34:00,Invoice
user11@company.com,user20@company.com,2023-01-15 13:02:00,Request
user9@company.com,user13@company.com,2023-01-15 11:42:00,Invoice
user20@company.com,user1@company.com,2023-01-15 08:19:00,Request
user11@company.com,user9@company.com,2023-01-15 09:28:00,Confidential
user1@company.com,user16@company.com,2023-01-15 07:29:00,Project Update
user12@company.com,user17@company.com,2023-01-15 17:54:00,Request
user7@company.com,user15@company.com,2023-01-15 07:37:00,Project Update
user9@company.com,user19@company.com,2023-01-15 12:04:00,Confidential
user6@company.com,user10@company.com,2023-01-15 19:50:00,Invoice
user9@company.com,user17@company.com,2023-01-15 09:14:00,Meeting
user5@company.com,user2@company.com,2023-01-15 10:07:00,Project Update
user6@company.com,user18@company.com,2023-01-15 14:37:00,Invoice
user2@company.com,user19@company.com,2023-01-15 18:14:00,Project Update
user9@company.com,user10@company.com,2023-01-15 07:43:00,Invoice
user18@company.com,user2@company.com,2023-01-15 16:15:00,Invoice
user4@company.com,user3@company.com,2023-01-15 15:28:00,Project Update
user17@company.com,user3@company.com,2023-01-15 10:13:00,Invoice
user19@company.com,user12@company.com,2023-01-15 17:26:00,Project Update
user14@company.com,user10@company.com,2023-01-15 09:01:00,Invoice
user20@company.com,user12@company.com,2023-01-15 12:26:00,Invoice
user16@company.com,user10@company.com,2023-01-15 16:01:00,Meeting
user12@company.com,user2@company.com,2023-01-15 11:59:00,Meeting
user19@company.com,user1@company.com,2023-01-15 08:38:00,Meeting
user11@company.com,user18@company.com,2023-01-15 18:49:00,Request
user19@company.com,user12@company.com,2023-01-15 10:24:00,Request
user2@company.com,user6@company.com,2023-01-15 13:48:00,Project Update
user3@company.com,user9@company.com,2023-01-15 16:32:00,Request
user18@company.com,user14@company.com,2023-01-15 15:46:00,Project Update
user17@company.com,user2@company.com,2023-01-15 16:30:00,Request
user17@company.com,user15@company.com,2023-01-15 12:17:00,Meeting
user19@company.com,user10@company.com,2023-01-15 10:21:00,Meeting
user12@company.com,user8@company.com,2023-01-15 14:20:00,Project Update
user8@company.com,user16@company.com,2023-01-15 18:56:00,Confidential
user12@company.com,user3@company.com,2023-01-15 12:35:00,Request
user3@company.com,user13@company.com,2023-01-15 17:30:00,Request
user8@company.com,user16@company.com,2023-01-15 19:26:00,Meeting
user19@company.com,user5@company.com,2023-01-15 15:15:00,Confidential
user19@company.com,user5@company.com,2023-01-15 16:16:00,Invoice
user11@company.com,user12@company.com,2023-01-15 08:05:00,Confidential
user14@company.com,user18@company.com,2023-01-15 09:36:00,Confidential
user7@company.com,user6@company.com,2023-01-15 14:00:00,Meeting
user4@company.com,user15@company.com,2023-01-15 11:48:00,Request
user16@company.com,user4@company.com,2023-01-15 09:55:00,Project Update
user14@company.com,user1@company.com,2023-01-15 18:10:00,Project Update
user5@company.com,user18@company.com,2023-01-15 15:58:00,Confidential
user14@company.com,user12@company.com,2023-01-15 09:25:00,Request
user8@company.com,user11@company.com,2023-01-15 08:21:00,Invoice
user19@company.com,user4@company.com,2023-01-15 18:02:00,Project Update
user12@company.com,user16@company.com,2023-01-15 13:40:00,Confidential
user14@company.com,user10@company.com,2023-01-15 19:30:00,Meeting
user6@company.com,user20@company.com,2023-01-15 15:05:00,Meeting
user1@company.com,user20@company.com,2023-01-16 16:23:00,Confidential
user13@company.com,user11@company.com,2023-01-16 14:11:00,Request
user19@company.com,user9@company.com,2023-01-16 19:06:00,Meeting
user10@company.com,user17@company.com,2023-01-16 12:03:00,Request
user17@company.com,user18@company.com,2023-01-16 16:32:00,Confidential
user10@company.com,user12@company.com,2023-01-16 13:20:00,Meeting
user5@company.com,user2@company.com,2023-01-16 18:56:00,Meeting
user14@company.com,user18@company.com,2023-01-16 11:36:00,Request
user11@company.com,user4@company.com,2023-01-16 12:18:00,Meeting
user4@company.com,user11@company.com,2023-01-16 11:31:00,Confidential
user8@company.com,user6@company.com,2023-01-16 11:58:00,Invoice
user20@company.com,user4@company.com,2023-01-16 10:42:00,Invoice
user5@company.com,user4@company.com,2023-01-16 10:35:00,Request
user6@company.com,user1@company.com,2023-01-16 16:57:00,Project Update
user18@company.com,user19@company.com,2023-01-16 19:12:00,Project Update
user16@company.com,user1@company.com,2023-01-16 12:13:00,Invoice
user19@company.com,user14@company.com,2023-01-16 18:28:00,Request
user5@company.com,user16@company.com,2023-01-16 11:58:00,Project Update
user4@company.com,user16@company.com,2023-01-16 13:31:00,Invoice
user3@company.com,user6@company.com,2023-01-16 11:46:00,Project Update
user12@company.com,user3@company.com,2023-01-16 18:50:00,Meeting
user3@company.com,user12@company.com,2023-01-16 09:32:00,Invoice
user9@company.com,user16@company.com,2023-01-16 17:47:00,Request
user3@company.com,user12@company.com,2023-01-16 07:27:00,Project Update
user17@company.com,user11@company.com,2023-01-16 10:53:00,Request
user2@company.com,user1@company.com,2023-01-16 10:08:00,Request
user13@company.com,user8@company.com,2023-01-16 17:12:00,Invoice
user16@company.com,user5@company.com,2023-01-16 14:52:00,Meeting
user16@company.com,user10@company.com,2023-01-16 09:12:00,Project Update
user17@company.com,user7@company.com,2023-01-16 07:27:00,Project Update
user16@company.com,user19@company.com,2023-01-16 16:13:00,Meeting
user2@company.com,user15@company.com,2023-01-16 18:16:00,Request
user13@company.com,user20@company.com,2023-01-16 10:40:00,Invoice
user16@company.com,user18@company.com,2023-01-16 17:11:00,Invoice
user8@company.com,user11@company.com,2023-01-16 17:31:00,Confidential
user13@company.com,user12@company.com,2023-01-16 15:30:00,Invoice
user4@company.com,user9@company.com,2023-01-16 08:56:00,Invoice
user14@company.com,user16@company.com,2023-01-16 12:15:00,Confidential
user4@company.com,user7@company.com,2023-01-16 14:20:00,Project Update
user12@company.com,user14@company.com,2023-01-16 18:08:00,Confidential
user16@company.com,user14@company.com,2023-01-16 17:15:00,Project Update
user10@company.com,user9@company.com,2023-01-16 15:13:00,Confidential
user2@company.com,user19@company.com,2023-01-16 19:20:00,Invoice
user11@company.com,user15@company.com,2023-01-16 13:51:00,Confidential
user14@company.com,user13@company.com,2023-01-16 11:58:00,Project Update
user9@company.com,user17@company.com,2023-01-16 18:14:00,Invoice
user2@company.com,user11@company.com,2023-01-16 14:26:00,Meeting
user19@company.com,user6@company.com,2023-01-16 15:13:00,Project Update
user20@company.com,user11@company.com,2023-01-16 09:38:00,Request
user1@company.com,user2@company.com,2023-01-16 19:24:00,Project Update
user11@company.com,user13@company.com,2023-01-16 19:49:00,Request
user3@company.com,user2@company.com,2023-01-16 15:13:00,Invoice
user18@company.com,user7@company.com,2023-01-16 09:53:00,Request
user13@company.com,user8@company.com,2023-01-16 11:51:00,Meeting
user12@company.com,user11@company.com,2023-01-16 13:13:00,Request
user8@company.com,user1@company.com,2023-01-16 07:54:00,Project Update
user17@company.com,user4@company.com,2023-01-16 15:25:00,Confidential
user2@company.com,user7@company.com,2023-01-16 11:19:00,Project Update
user8@company.com,user2@company.com,2023-01-17 11:47:00,Project Update
user13@company.com,user14@company.com,2023-01-17 09:52:00,Invoice
user3@company.com,user4@company.com,2023-01-17 08:32:00,Confidential
user1@company.com,user2@company.com,2023-01-17 18:53:00,Request
user20@company.com,user5@company.com,2023-01-17 08:47:00,Request
user13@company.com,user7@company.com,2023-01-17 16:54:00,Invoice
user11@company.com,user15@company.com,2023-01-17 15:47:00,Project Update
user10@company.com,user9@company.com,2023-01-17 14:12:00,Project Update
user9@company.com,user20@company.com,2023-01-17 14:24:00,Invoice
user14@company.com,user3@company.com,2023-01-17 10:26:00,Request
user9@company.com,user17@company.com,2023-01-17 11:58:00,Request
user17@company.com,user8@company.com,2023-01-17 13:01:00,Confidential
user13@company.com,user12@company.com,2023-01-17 19:34:00,Project Update
user15@company.com,user8@company.com,2023-01-17 16:01:00,Confidential
user8@company.com,user16@company.com,2023-01-17 12:30:00,Request
user4@company.com,user11@company.com,2023-01-17 12:09:00,Project Update
user4@company.com,user19@company.com,2023-01-17 09:13:00,Confidential
user19@company.com,user8@company.com,2023-01-17 08:09:00,Confidential
user20@company.com,user16@company.com,2023-01-17 15:46:00,Request
user8@company.com,user2@company.com,2023-01-17 19:31:00,Invoice
user14@company.com,user10@company.com,2023-01-17 18:21:00,Meeting
user2@company.com,user12@company.com,2023-01-17 18:36:00,Request
user14@company.com,user1@company.com,2023-01-17 11:44:00,Meeting
user18@company.com,user16@company.com,2023-01-17 15:31:00,Invoice
user8@company.com,user12@company.com,2023-01-17 14:45:00,Confidential
user17@company.com,user19@company.com,2023-01-17 18:46:00,Project Update
user4@company.com,user15@company.com,2023-01-17 18:04:00,Confidential
user5@company.com,user1@company.com,2023-01-17 09:33:00,Project Update
user6@company.com,user8@company.com,2023-01-17 14:55:00,Project Update
user2@company.com,user15@company.com,2023-01-17 14:10:00,Request
user16@company.com,user5@company.com,2023-01-17 18:55:00,Request
user14@company.com,user13@company.com,2023-01-17 07:18:00,Project Update
user14@company.com,user10@company.com,2023-01-17 18:59:00,Invoice
user17@company.com,user11@company.com,2023-01-17 16:56:00,Invoice
user19@company.com,user6@company.com,2023-01-17 09:18:00,Request
user7@company.com,user13@company.com,2023-01-17 15:38:00,Invoice
user16@company.com,user15@company.com,2023-01-17 10:59:00,Invoice
user5@company.com,user7@company.com,2023-01-18 15:45:00,Confidential
user1@company.com,user12@company.com,2023-01-18 13:11:00,Meeting
user16@company.com,user3@company.com,2023-01-18 07:19:00,Meeting
user7@company.com,user4@company.com,2023-01-18 15:29:00,Invoice
user4@company.com,user2@company.com,2023-01-18 16:29:00,Request
user6@company.com,user3@company.com,2023-01-18 12:40:00,Request
user8@company.com,user13@company.com,2023-01-18 17:00:00,Meeting
user9@company.com,user11@company.com,2023-01-18 13:37:00,Invoice
user12@company.com,user14@company.com,2023-01-18 11:35:00,Request
user7@company.com,user3@company.com,2023-01-18 16:09:00,Project Update
user7@company.com,user10@company.com,2023-01-18 09:16:00,Request
user4@company.com,user6@company.com,2023-01-18 19:33:00,Request
user13@company.com,user11@company.com,2023-01-18 16:49:00,Request
user20@company.com,user9@company.com,2023-01-18 19:47:00,Request
user16@company.com,user7@company.com,2023-01-18 09:00:00,Meeting
user7@company.com,user3@company.com,2023-01-18 19:39:00,Meeting
user5@company.com,user7@company.com,2023-01-18 14:55:00,Project Update
user11@company.com,user3@company.com,2023-01-18 07:08:00,Request
user15@company.com,user14@company.com,2023-01-18 17:30:00,Invoice
user10@company.com,user18@company.com,2023-01-18 19:07:00,Meeting
user18@company.com,user13@company.com,2023-01-18 13:49:00,Confidential
user16@company.com,user12@company.com,2023-01-18 11:53:00,Request
user11@company.com,user18@company.com,2023-01-18 08:56:00,Request
user7@company.com,user6@company.com,2023-01-18 17:53:00,Invoice
user5@company.com,user15@company.com,2023-01-18 15:28:00,Confidential
user9@company.com,user4@company.com,2023-01-18 15:57:00,Confidential
user12@company.com,user6@company.com,2023-01-18 07:55:00,Invoice
user15@company.com,user12@company.com,2023-01-18 18:27:00,Meeting
user20@company.com,user18@company.com,2023-01-18 10:24:00,Invoice
user6@company.com,user1@company.com,2023-01-18 10:28:00,Invoice
user17@company.com,user7@company.com,2023-01-18 07:37:00,Invoice
user11@company.com,user4@company.com,2023-01-18 12:58:00,Invoice
user17@company.com,user1@company.com,2023-01-18 16:17:00,Project Update
user9@company.com,user17@company.com,2023-01-18 13:02:00,Invoice
user9@company.com,user2@company.com,2023-01-18 16:52:00,Project Update
user16@company.com,user15@company.com,2023-01-18 14:11:00,Confidential
user18@company.com,user4@company.com,2023-01-18 07:23:00,Project Update
user20@company.com,user5@company.com,2023-01-18 18:47:00,Meeting
user5@company.com,user3@company.com,2023-01-18 13:53:00,Project Update
user2@company.com,user16@company.com,2023-01-18 17:45:00,Project Update
user11@company.com,user4@company.com,2023-01-18 15:17:00,Meeting
user20@company.com,user1@company.com,2023-01-18 12:53:00,Invoice
user6@company.com,user20@company.com,2023-01-18 18:23:00,Request
user1@company.com,user14@company.com,2023-01-18 13:53:00,Project Update
user3@company.com,user8@company.com,2023-01-18 19:32:00,Meeting
user9@company.com,user3@company.com,2023-01-18 09:28:00,Project Update
user9@company.com,user7@company.com,2023-01-18 18:32:00,Confidential
user6@company.com,user1@company.com,2023-01-18 11:17:00,Request
user12@company.com,user4@company.com,2023-01-18 12:29:00,Request
user3@company.com,user20@company.com,2023-01-18 14:05:00,Project Update
user3@company.com,user7@company.com,2023-01-18 18:05:00,Meeting
user11@company.com,user20@company.com,2023-01-18 17:01:00,Meeting
user1@company.com,user8@company.com,2023-01-18 17:23:00,Confidential
user3@company.com,user9@company.com,2023-01-18 11:53:00,Meeting
user5@company.com,user11@company.com,2023-01-18 07:24:00,Invoice
user6@company.com,user10@company.com,2023-01-18 09:36:00,Invoice
user14@company.com,user8@company.com,2023-01-18 10:17:00,Meeting
user6@company.com,user11@company.com,2023-01-18 11:44:00,Confidential
user9@company.com,user3@company.com,2023-01-18 14:22:00,Request
user12@company.com,user18@company.com,2023-01-19 14:53:00,Meeting
user2@company.com,user20@company.com,2023-01-19 13:09:00,Request
user19@company.com,user7@company.com,2023-01-19 18:27:00,Invoice
user10@company.com,user7@company.com,2023-01-19 12:44:00,Request
user18@company.com,user9@company.com,2023-01-19 08:32:00,Meeting
user9@company.com,user7@company.com,2023-01-19 14:16:00,Project Update
user4@company.com,user18@company.com,2023-01-19 17:40:00,Meeting
user16@company.com,user5@company.com,2023-01-19 14:37:00,Invoice
user12@company.com,user20@company.com,2023-01-19 13:42:00,Request
user2@company.com,user12@company.com,2023-01-19 18:06:00,Invoice
user1@company.com,user7@company.com,2023-01-19 13:30:00,Invoice
user11@company.com,user4@company.com,2023-01-19 09:58:00,Invoice
user10@company.com,user6@company.com,2023-01-19 14:34:00,Meeting
user1@company.com,user16@company.com,2023-01-19 19:39:00,Confidential
user19@company.com,user20@company.com,2023-01-19 18:27:00,Confidential
user16@company.com,user8@company.com,2023-01-19 11:46:00,Invoice
user20@company.com,user11@company.com,2023-01-19 14:43:00,Confidential
user10@company.com,user2@company.com,2023-01-19 10:48:00,Request
user4@company.com,user15@company.com,2023-01-19 13:49:00,Invoice
user19@company.com,user13@company.com,2023-01-19 16:01:00,Meeting
user17@company.com,user6@company.com,2023-01-19 11:56:00,Request
user17@company.com,user7@company.com,2023-01-19 16:48:00,Meeting
user5@company.com,user12@company.com,2023-01-19 19:03:00,Project Update
user10@company.com,user5@company.com,2023-01-19 19:22:00,Confidential
user13@company.com,user6@company.com,2023-01-19 14:00:00,Meeting
user7@company.com,user6@company.com,2023-01-19 11:19:00,Project Update
user6@company.com,user9@company.com,2023-01-19 10:27:00,Project Update
user8@company.com,user5@company.com,2023-01-19 17:35:00,Invoice
user1@company.com,user17@company.com,2023-01-19 09:22:00,Project Update
user16@company.com,user19@company.com,2023-01-19 17:25:00,Meeting
user16@company.com,user13@company.com,2023-01-19 14:45:00,Meeting
user4@company.com,user14@company.com,2023-01-19 09:20:00,Meeting
user13@company.com,user11@company.com,2023-01-19 11:52:00,Confidential
user20@company.com,user13@company.com,2023-01-19 15:04:00,Invoice
user16@company.com,user20@company.com,2023-01-19 07:14:00,Request
user6@company.com,user9@company.com,2023-01-19 12:23:00,Invoice
user17@company.com,user1@company.com,2023-01-19 16:38:00,Confidential
user3@company.com,user9@company.com,2023-01-19 09:31:00,Meeting
user2@company.com,user8@company.com,2023-01-19 11:27:00,Project Update
user11@company.com,user14@company.com,2023-01-19 17:11:00,Confidential
user5@company.com,user11@company.com,2023-01-19 11:24:00,Confidential
user9@company.com,user15@company.com,2023-01-20 09:10:00,Confidential
user17@company.com,user4@company.com,2023-01-20 14:51:00,Project Update
user12@company.com,user4@company.com,2023-01-20 17:55:00,Confidential
user1@company.com,user7@company.com,2023-01-20 12:08:00,Request
user17@company.com,user13@company.com,2023-01-20 17:29:00,Project Update
user16@company.com,user13@company.com,2023-01-20 13:49:00,Project Update
user10@company.com,user15@company.com,2023-01-20 11:47:00,Project Update
user20@company.com,user15@company.com,2023-01-20 15:23:00,Confidential
user11@company.com,user19@company.com,2023-01-20 12:07:00,Meeting
user14@company.com,user19@company.com,2023-01-20 19:24:00,Project Update
user5@company.com,user1@company.com,2023-01-20 12:59:00,Request
user9@company.com,user7@company.com,2023-01-20 15:52:00,Request
user15@company.com,user14@company.com,2023-01-20 07:29:00,Invoice
user2@company.com,user5@company.com,2023-01-20 14:29:00,Invoice
user2@company.com,user13@company.com,2023-01-20 11:27:00,Invoice
user10@company.com,user1@company.com,2023-01-20 15:17:00,Meeting
user10@company.com,user13@company.com,2023-01-20 13:01:00,Confidential
user11@company.com,user10@company.com,2023-01-20 17:02:00,Request
user4@company.com,user13@company.com,2023-01-20 18:02:00,Request
user13@company.com,user8@company.com,2023-01-20 09:05:00,Request
user4@company.com,user6@company.com,2023-01-20 18:09:00,Confidential
user14@company.com,user9@company.com,2023-01-20 12:29:00,Request
user8@company.com,user18@company.com,2023-01-20 16:29:00,Project Update
user3@company.com,user12@company.com,2023-01-20 12:02:00,Meeting
user20@company.com,user4@company.com,2023-01-20 13:32:00,Project Update
user11@company.com,user10@company.com,2023-01-20 13:25:00,Project Update
user6@company.com,user10@company.com,2023-01-20 18:41:00,Project Update
user14@company.com,user4@company.com,2023-01-20 19:12:00,Request
user9@company.com,user11@company.com,2023-01-20 16:32:00,Request
user8@company.com,user2@company.com,2023-01-20 12:36:00,Confidential
user7@company.com,user15@company.com,2023-01-20 11:47:00,Meeting
user17@company.com,user2@company.com,2023-01-21 16:25:00,Meeting
user10@company.com,user9@company.com,2023-01-21 07:26:00,Meeting
user1@company.com,user15@company.com,2023-01-21 17:08:00,Invoice
user9@company.com,user16@company.com,2023-01-21 16:50:00,Invoice
user4@company.com,user9@company.com,2023-01-21 10:01:00,Invoice
user8@company.com,user3@company.com,2023-01-21 16:18:00,Request
user15@company.com,user20@company.com,2023-01-21 13:40:00,Request
user11@company.com,user19@company.com,2023-01-21 13:30:00,Request
user1@company.com,user12@company.com,2023-01-21 12:20:00,Invoice
user15@company.com,user5@company.com,2023-01-21 14:54:00,Confidential
user7@company.com,user19@company.com,2023-01-21 18:10:00,Confidential
user9@company.com,user14@company.com,2023-01-21 07:42:00,Request
user3@company.com,user17@company.com,2023-01-21 15:22:00,Project Update
user7@company.com,user18@company.com,2023-01-21 12:19:00,Invoice
user11@company.com,user16@company.com,2023-01-21 17:29:00,Project Update
user5@company.com,user20@company.com,2023-01-21 09:39:00,Invoice
user19@company.com,user14@company.com,2023-01-21 13:48:00,Project Update
user10@company.com,user19@company.com,2023-01-21 18:31:00,Meeting
user13@company.com,user19@company.com,2023-01-21 09:24:00,Request
user4@company.com,user5@company.com,2023-01-21 13:13:00,Meeting
user4@company.com,user20@company.com,2023-01-21 11:11:00,Meeting
user13@company.com,user19@company.com,2023-01-21 13:22:00,Meeting
user14@company.com,user9@company.com,2023-01-21 12:49:00,Invoice
user4@company.com,user12@company.com,2023-01-21 15:34:00,Request
user13@company.com,user8@company.com,2023-01-21 13:31:00,Confidential
user10@company.com,user16@company.com,2023-01-21 09:59:00,Meeting
user13@company.com,user10@company.com,2023-01-21 07:34:00,Invoice
user15@company.com,user6@company.com,2023-01-21 17:58:00,Project Update
user13@company.com,user20@company.com,2023-01-21 17:26:00,Confidential
user14@company.com,user7@company.com,2023-01-21 17:01:00,Request
user8@company.com,user5@company.com,2023-01-21 16:39:00,Request
user3@company.com,user20@company.com,2023-01-21 18:26:00,Project Update
user11@company.com,user8@company.com,2023-01-21 09:36:00,Confidential
user3@company.com,user13@company.com,2023-01-21 07:47:00,Request
user13@company.com,user19@company.com,2023-01-21 15:55:00,Meeting
user6@company.com,user16@company.com,2023-01-21 12:46:00,Meeting
user6@company.com,user17@company.com,2023-01-21 18:58:00,Meeting
user11@company.com,user5@company.com,2023-01-21 11:04:00,Project Update
user19@company.com,user15@company.com,2023-01-22 14:15:00,Request
user15@company.com,user8@company.com,2023-01-22 19:11:00,Confidential
user17@company.com,user4@company.com,2023-01-22 19:38:00,Invoice
user6@company.com,user9@company.com,2023-01-22 14:46:00,Project Update
user1@company.com,user3@company.com,2023-01-22 17:43:00,Confidential
user17@company.com,user16@company.com,2023-01-22 13:04:00,Confidential
user9@company.com,user19@company.com,2023-01-22 08:45:00,Request
user18@company.com,user1@company.com,2023-01-22 14:30:00,Project Update
user10@company.com,user14@company.com,2023-01-22 18:49:00,Project Update
user12@company.com,user14@company.com,2023-01-22 18:59:00,Request
user15@company.com,user14@company.com,2023-01-22 19:07:00,Project Update
user5@company.com,user10@company.com,2023-01-22 19:52:00,Request
user4@company.com,user7@company.com,2023-01-22 12:26:00,Invoice
user5@company.com,user9@company.com,2023-01-22 19:30:00,Meeting
user9@company.com,user4@company.com,2023-01-22 12:41:00,Project Update
user15@company.com,user17@company.com,2023-01-22 19:15:00,Invoice
user11@company.com,user10@company.com,2023-01-22 18:28:00,Invoice
user15@company.com,user9@company.com,2023-01-22 16:17:00,Request
user2@company.com,user6@company.com,2023-01-22 09:33:00,Invoice
user1@company.com,user9@company.com,2023-01-22 12:36:00,Invoice
user10@company.com,user11@company.com,2023-01-22 18:10:00,Request
user10@company.com,user17@company.com,2023-01-22 18:28:00,Invoice
user5@company.com,user6@company.com,2023-01-22 09:38:00,Invoice
user13@company.com,user9@company.com,2023-01-22 17:14:00,Project Update
user7@company.com,user20@company.com,2023-01-22 11:09:00,Request
user1@company.com,user10@company.com,2023-01-22 12:46:00,Request
user17@company.com,user13@company.com,2023-01-22 14:39:00,Meeting
user12@company.com,user5@company.com,2023-01-22 16:54:00,Request
user11@company.com,user18@company.com,2023-01-22 12:24:00,Confidential
user6@company.com,user18@company.com,2023-01-22 14:11:00,Confidential
user13@company.com,user1@company.com,2023-01-22 17:04:00,Invoice
user8@company.com,user11@company.com,2023-01-22 10:14:00,Meeting
user9@company.com,user4@company.com,2023-01-22 17:12:00,Invoice
user16@company.com,user15@company.com,2023-01-22 16:58:00,Project Update
user17@company.com,user8@company.com,2023-01-22 18:12:00,Invoice
user2@company.com,user14@company.com,2023-01-22 17:06:00,Invoice
user3@company.com,user10@company.com,2023-01-23 15:34:00,Request
user3@company.com,user2@company.com,2023-01-23 14:36:00,Request
user8@company.com,user9@company.com,2023-01-23 11:51:00,Meeting
user8@company.com,user9@company.com,2023-01-23 18:45:00,Confidential
user6@company.com,user2@company.com,2023-01-23 16:17:00,Request
user9@company.com,user3@company.com,2023-01-23 18:12:00,Project Update
user5@company.com,user18@company.com,2023-01-23 11:03:00,Meeting
user8@company.com,user9@company.com,2023-01-23 16:48:00,Request
user16@company.com,user15@company.com,2023-01-23 08:34:00,Project Update
user11@company.com,user3@company.com,2023-01-23 10:30:00,Project Update
user15@company.com,user3@company.com,2023-01-23 14:12:00,Project Update
user18@company.com,user20@company.com,2023-01-23 10:38:00,Confidential
user10@company.com,user20@company.com,2023-01-23 07:37:00,Confidential
user4@company.com,user16@company.com,2023-01-23 19:41:00,Meeting
user19@company.com,user15@company.com,2023-01-23 07:16:00,Confidential
user20@company.com,user9@company.com,2023-01-23 14:40:00,Meeting
user11@company.com,user18@company.com,2023-01-23 14:32:00,Invoice
user10@company.com,user9@company.com,2023-01-23 15:15:00,Invoice
user9@company.com,user19@company.com,2023-01-23 15:19:00,Confidential
user4@company.com,user7@company.com,2023-01-23 14:00:00,Invoice
user17@company.com,user16@company.com,2023-01-23 14:10:00,Meeting
user3@company.com,user15@company.com,2023-01-23 17:19:00,Project Update
user15@company.com,user11@company.com,2023-01-23 17:43:00,Request
user6@company.com,user8@company.com,2023-01-23 19:06:00,Meeting
user7@company.com,user11@company.com,2023-01-23 15:19:00,Invoice
user17@company.com,user16@company.com,2023-01-23 08:43:00,Invoice
user20@company.com,user7@company.com,2023-01-23 16:43:00,Meeting
user11@company.com,user6@company.com,2023-01-23 10:49:00,Confidential
user6@company.com,user7@company.com,2023-01-23 16:42:00,Meeting
user11@company.com,user18@company.com,2023-01-23 14:41:00,Request
user14@company.com,user9@company.com,2023-01-23 10:59:00,Invoice
user16@company.com,user10@company.com,2023-01-23 12:09:00,Invoice
user11@company.com,user13@company.com,2023-01-23 18:20:00,Confidential
user10@company.com,user15@company.com,2023-01-23 16:25:00,Confidential
user1@company.com,user14@company.com,2023-01-23 07:26:00,Invoice
user5@company.com,user16@company.com,2023-01-23 19:17:00,Project Update
user7@company.com,user8@company.com,2023-01-23 17:45:00,Invoice
user10@company.com,user13@company.com,2023-01-23 07:20:00,Confidential
user13@company.com,user11@company.com,2023-01-23 15:35:00,Meeting
user7@company.com,user18@company.com,2023-01-23 14:54:00,Invoice
user4@company.com,user3@company.com,2023-01-23 10:10:00,Invoice
user16@company.com,user20@company.com,2023-01-23 14:02:00,Confidential
user16@company.com,user8@company.com,2023-01-23 11:38:00,Request
user13@company.com,user2@company.com,2023-01-23 08:03:00,Invoice
user9@company.com,user19@company.com,2023-01-23 12:28:00,Invoice
user4@company.com,user17@company.com,2023-01-23 09:56:00,Project Update
user14@company.com,user5@company.com,2023-01-24 09:37:00,Invoice
user19@company.com,user7@company.com,2023-01-24 15:05:00,Confidential
user8@company.com,user12@company.com,2023-01-24 16:34:00,Invoice
user18@company.com,user17@company.com,2023-01-24 11:44:00,Project Update
user5@company.com,user3@company.com,2023-01-24 19:44:00,Invoice
user12@company.com,user16@company.com,2023-01-24 18:56:00,Meeting
user6@company.com,user12@company.com,2023-01-24 14:14:00,Confidential
user12@company.com,user11@company.com,2023-01-24 10:43:00,Invoice
user9@company.com,user1@company.com,2023-01-24 09:07:00,Confidential
user14@company.com,user13@company.com,2023-01-24 19:31:00,Project Update
user17@company.com,user2@company.com,2023-01-24 15:23:00,Project Update
user19@company.com,user14@company.com,2023-01-24 07:32:00,Invoice
user18@company.com,user16@company.com,2023-01-24 11:36:00,Invoice
user3@company.com,user4@company.com,2023-01-24 16:05:00,Request
user4@company.com,user19@company.com,2023-01-24 09:51:00,Request
user3@company.com,user20@company.com,2023-01-24 14:39:00,Meeting
user3@company.com,user15@company.com,2023-01-24 11:29:00,Confidential
user5@company.com,user12@company.com,2023-01-24 08:11:00,Request
user11@company.com,user16@company.com,2023-01-24 15:49:00,Confidential
user1@company.com,user14@company.com,2023-01-24 16:18:00,Project Update
user20@company.com,user13@company.com,2023-01-24 07:00:00,Meeting
user11@company.com,user15@company.com,2023-01-24 09:16:00,Meeting
user19@company.com,user11@company.com,2023-01-24 15:29:00,Meeting
user19@company.com,user12@company.com,2023-01-24 18:55:00,Request
user5@company.com,user8@company.com,2023-01-24 19:09:00,Meeting
user10@company.com,user6@company.com,2023-01-24 08:01:00,Request
user20@company.com,user2@company.com,2023-01-24 19:08:00,Request
user12@company.com,user3@company.com,2023-01-24 12:55:00,Invoice
user8@company.com,user7@company.com,2023-01-24 10:19:00,Meeting
user14@company.com,user9@company.com,2023-01-24 10:59:00,Meeting
user12@company.com,user1@company.com,2023-01-24 09:56:00,Confidential
user4@company.com,user14@company.com,2023-01-24 07:28:00,Meeting
user13@company.com,user2@company.com,2023-01-24 14:28:00,Confidential
user7@company.com,user8@company.com,2023-01-24 19:24:00,Request
user4@company.com,user3@company.com,2023-01-24 09:32:00,Request
user17@company.com,user4@company.com,2023-01-24 09:48:00,Meeting
user4@company.com,user17@company.com,2023-01-24 18:38:00,Invoice
user11@company.com,user15@company.com,2023-01-24 10:13:00,Project Update
user17@company.com,user12@company.com,2023-01-24 14:16:00,Request
user4@company.com,user16@company.com,2023-01-24 07:00:00,Confidential
user14@company.com,user13@company.com,2023-01-25 08:22:00,Invoice
user10@company.com,user3@company.com,2023-01-25 13:54:00,Invoice
user8@company.com,user3@company.com,2023-01-25 17:41:00,Confidential
user16@company.com,user1@company.com,2023-01-25 11:46:00,Invoice
user2@company.com,user6@company.com,2023-01-25 10:11:00,Request
user1@company.com,user6@company.com,2023-01-25 15:09:00,Meeting
user16@company.com,user2@company.com,2023-01-25 07:38:00,Meeting
user10@company.com,user13@company.com,2023-01-25 16:26:00,Meeting
user14@company.com,user6@company.com,2023-01-25 09:59:00,Request
user5@company.com,user7@company.com,2023-01-25 12:56:00,Project Update
user6@company.com,user1@company.com,2023-01-25 14:13:00,Invoice
user13@company.com,user12@company.com,2023-01-25 11:39:00,Invoice
user1@company.com,user2@company.com,2023-01-25 12:01:00,Confidential
user2@company.com,user6@company.com,2023-01-25 13:02:00,Request
user13@company.com,user18@company.com,2023-01-25 09:10:00,Project Update
user1@company.com,user13@company.com,2023-01-25 10:05:00,Confidential
user3@company.com,user5@company.com,2023-01-25 14:29:00,Confidential
user18@company.com,user15@company.com,2023-01-25 09:54:00,Request
user1@company.com,user11@company.com,2023-01-25 14:30:00,Invoice
user5@company.com,user12@company.com,2023-01-25 17:34:00,Invoice
user20@company.com,user4@company.com,2023-01-25 14:31:00,Request
user7@company.com,user5@company.com,2023-01-25 10:32:00,Meeting
user5@company.com,user9@company.com,2023-01-25 17:05:00,Project Update
user13@company.com,user10@company.com,2023-01-25 16:06:00,Meeting
user8@company.com,user10@company.com,2023-01-25 09:46:00,Invoice
user11@company.com,user16@company.com,2023-01-25 17:37:00,Request
user17@company.com,user20@company.com,2023-01-25 11:48:00,Meeting
user11@company.com,user15@company.com,2023-01-25 12:42:00,Meeting
user19@company.com,user2@company.com,2023-01-25 18:57:00,Confidential
user2@company.com,user8@company.com,2023-01-25 09:00:00,Meeting
user2@company.com,user9@company.com,2023-01-25 09:25:00,Invoice
user1@company.com,user20@company.com,2023-01-25 14:30:00,Invoice
user7@company.com,user20@company.com,2023-01-25 13:28:00,Meeting
user15@company.com,user9@company.com,2023-01-25 15:28:00,Project Update
user9@company.com,user18@company.com,2023-01-25 12:21:00,Meeting
user9@company.com,user12@company.com,2023-01-25 19:55:00,Confidential
user18@company.com,user15@company.com,2023-01-25 17:06:00,Invoice
user17@company.com,user9@company.com,2023-01-25 08:50:00,Invoice
user14@company.com,user1@company.com,2023-01-25 15:08:00,Project Update
user8@company.com,user16@company.com,2023-01-25 08:07:00,Request
user10@company.com,user5@company.com,2023-01-25 12:19:00,Confidential
user14@company.com,user19@company.com,2023-01-25 08:55:00,Request
user6@company.com,user14@company.com,2023-01-25 15:12:00,Meeting
user8@company.com,user1@company.com,2023-01-25 10:46:00,Invoice
user17@company.com,user5@company.com,2023-01-25 16:55:00,Request
user17@company.com,user2@company.com,2023-01-25 19:34:00,Invoice
user18@company.com,user8@company.com,2023-01-25 18:33:00,Meeting
user12@company.com,user6@company.com,2023-01-25 08:43:00,Meeting
user20@company.com,user8@company.com,2023-01-25 19:45:00,Meeting
user18@company.com,user14@company.com,2023-01-25 10:17:00,Project Update
user13@company.com,user10@company.com,2023-01-25 13:57:00,Request
user14@company.com,user17@company.com,2023-01-25 14:20:00,Meeting
user10@company.com,user1@company.com,2023-01-25 08:16:00,Request
user10@company.com,user7@company.com,2023-01-25 18:39:00,Request
user3@company.com,user2@company.com,2023-01-25 19:26:00,Meeting
user16@company.com,user6@company.com,2023-01-26 19:51:00,Meeting
user13@company.com,user6@company.com,2023-01-26 17:26:00,Confidential
user19@company.com,user7@company.com,2023-01-26 10:53:00,Invoice
user3@company.com,user9@company.com,2023-01-26 11:08:00,Confidential
user4@company.com,user20@company.com,2023-01-26 17:09:00,Meeting
user15@company.com,user5@company.com,2023-01-26 17:17:00,Invoice
user1@company.com,user5@company.com,2023-01-26 15:19:00,Request
user4@company.com,user17@company.com,2023-01-26 10:42:00,Confidential
user10@company.com,user4@company.com,2023-01-26 15:47:00,Request
user15@company.com,user5@company.com,2023-01-26 08:56:00,Invoice
user9@company.com,user2@company.com,2023-01-26 13:53:00,Invoice
user4@company.com,user16@company.com,2023-01-26 13:37:00,Meeting
user16@company.com,user10@company.com,2023-01-26 10:33:00,Project Update
user3@company.com,user13@company.com,2023-01-26 10:55:00,Confidential
user14@company.com,user15@company.com,2023-01-26 07:40:00,Project Update
user9@company.com,user10@company.com,2023-01-26 11:40:00,Request
user11@company.com,user15@company.com,2023-01-26 17:53:00,Invoice
user12@company.com,user3@company.com,2023-01-26 07:06:00,Confidential
user8@company.com,user20@company.com,2023-01-26 14:14:00,Request
user14@company.com,user9@company.com,2023-01-26 08:49:00,Confidential
user18@company.com,user20@company.com,2023-01-26 13:38:00,Request
user13@company.com,user2@company.com,2023-01-26 16:06:00,Request
user4@company.com,user20@company.com,2023-01-26 08:07:00,Meeting
user12@company.com,user20@company.com,2023-01-26 17:45:00,Request
user14@company.com,user13@company.com,2023-01-26 18:47:00,Project Update
user12@company.com,user16@company.com,2023-01-26 14:36:00,Request
user2@company.com,user14@company.com,2023-01-26 19:40:00,Confidential
user1@company.com,user8@company.com,2023-01-26 16:11:00,Project Update
user11@company.com,user4@company.com,2023-01-26 11:58:00,Confidential
user1@company.com,user16@company.com,2023-01-26 11:22:00,Invoice
user12@company.com,user8@company.com,2023-01-26 11:28:00,Project Update
user11@company.com,user16@company.com,2023-01-26 18:40:00,Invoice
user6@company.com,user8@company.com,2023-01-26 15:49:00,Request
user11@company.com,user14@company.com,2023-01-26 19:22:00,Meeting
user16@company.com,user3@company.com,2023-01-27 12:22:00,Request
user18@company.com,user8@company.com,2023-01-27 12:53:00,Invoice
user4@company.com,user3@company.com,2023-01-27 17:25:00,Invoice
user20@company.com,user16@company.com,2023-01-27 17:11:00,Confidential
user7@company.com,user10@company.com,2023-01-27 18:31:00,Invoice
user11@company.com,user16@company.com,2023-01-27 12:48:00,Meeting
user6@company.com,user12@company.com,2023-01-27 07:07:00,Meeting
user19@company.com,user10@company.com,2023-01-27 15:44:00,Request
user10@company.com,user19@company.com,2023-01-27 15:11:00,Confidential
user20@company.com,user3@company.com,2023-01-27 10:05:00,Project Update
user20@company.com,user13@company.com,2023-01-27 11:09:00,Invoice
user18@company.com,user12@company.com,2023-01-27 13:08:00,Confidential
user4@company.com,user11@company.com,2023-01-27 16:36:00,Project Update
user11@company.com,user8@company.com,2023-01-27 14:52:00,Project Update
user8@company.com,user19@company.com,2023-01-27 09:42:00,Invoice
user1@company.com,user17@company.com,2023-01-27 10:53:00,Meeting
user8@company.com,user9@company.com,2023-01-27 14:41:00,Meeting
user5@company.com,user1@company.com,2023-01-27 11:15:00,Project Update
user20@company.com,user16@company.com,2023-01-27 14:26:00,Request
user18@company.com,user20@company.com,2023-01-27 10:26:00,Meeting
user17@company.com,user20@company.com,2023-01-27 13:40:00,Request
user13@company.com,user9@company.com,2023-01-27 18:50:00,Invoice
user9@company.com,user15@company.com,2023-01-27 12:23:00,Meeting
user11@company.com,user19@company.com,2023-01-27 12:04:00,Meeting
user11@company.com,user8@company.com,2023-01-27 19:34:00,Request
user5@company.com,user4@company.com,2023-01-27 19:32:00,Confidential
user18@company.com,user11@company.com,2023-01-27 08:51:00,Request
user8@company.com,user13@company.com,2023-01-27 18:44:00,Request
user8@company.com,user16@company.com,2023-01-27 11:36:00,Project Update
user15@company.com,user16@company.com,2023-01-27 14:37:00,Confidential
user3@company.com,user7@company.com,2023-01-27 07:35:00,Confidential
user18@company.com,user2@company.com,2023-01-27 12:30:00,Meeting
user3@company.com,user13@company.com,2023-01-27 08:46:00,Invoice
user19@company.com,user9@company.com,2023-01-27 18:01:00,Request
user16@company.com,user14@company.com,2023-01-27 18:48:00,Meeting
user13@company.com,user7@company.com,2023-01-27 17:28:00,Invoice
user18@company.com,user10@company.com,2023-01-27 12:14:00,Request
user17@company.com,user14@company.com,2023-01-27 09:49:00,Request
user19@company.com,user11@company.com,2023-01-27 07:39:00,Project Update
user12@company.com,user20@company.com,2023-01-27 08:49:00,Project Update
user20@company.com,user3@company.com,2023-01-27 15:26:00,Meeting
user7@company.com,user9@company.com,2023-01-27 16:49:00,Meeting
user6@company.com,user1@company.com,2023-01-27 17:59:00,Confidential
user4@company.com,user12@company.com,2023-01-27 08:06:00,Confidential
user19@company.com,user13@company.com,2023-01-27 19:26:00,Confidential
user16@company.com,user5@company.com,2023-01-27 12:11:00,Project Update
user10@company.com,user13@company.com,2023-01-27 09:45:00,Confidential
user9@company.com,user17@company.com,2023-01-27 08:11:00,Invoice
user13@company.com,user7@company.com,2023-01-27 10:22:00,Project Update
user11@company.com,user16@company.com,2023-01-27 19:06:00,Request
user9@company.com,user1@company.com,2023-01-27 16:03:00,Request
user2@company.com,user13@company.com,2023-01-27 08:10:00,Project Update
user17@company.com,user1@company.com,2023-01-27 07:20:00,Confidential
user10@company.com,user1@company.com,2023-01-27 19:57:00,Request
user19@company.com,user12@company.com,2023-01-27 08:11:00,Meeting
user20@company.com,user16@company.com,2023-01-27 09:34:00,Meeting
user12@company.com,user4@company.com,2023-01-27 17:58:00,Meeting
user12@company.com,user20@company.com,2023-01-28 09:57:00,Confidential
user6@company.com,user18@company.com,2023-01-28 09:52:00,Confidential
user1@company.com,user3@company.com,2023-01-28 15:56:00,Project Update
user10@company.com,user11@company.com,2023-01-28 08:22:00,Meeting
user19@company.com,user17@company.com,2023-01-28 09:57:00,Project Update
user16@company.com,user7@company.com,2023-01-28 16:09:00,Request
user11@company.com,user16@company.com,2023-01-28 17:35:00,Confidential
user15@company.com,user4@company.com,2023-01-28 17:35:00,Project Update
user11@company.com,user8@company.com,2023-01-28 12:09:00,Meeting
user16@company.com,user7@company.com,2023-01-28 19:25:00,Project Update
user12@company.com,user2@company.com,2023-01-28 14:51:00,Request
user4@company.com,user18@company.com,2023-01-28 08:42:00,Invoice
user17@company.com,user20@company.com,2023-01-28 16:44:00,Request
user17@company.com,user13@company.com,2023-01-28 19:34:00,Meeting
user10@company.com,user12@company.com,2023-01-28 09:28:00,Meeting
user10@company.com,user15@company.com,2023-01-28 13:27:00,Confidential
user3@company.com,user17@company.com,2023-01-28 07:31:00,Project Update
user11@company.com,user19@company.com,2023-01-28 14:39:00,Confidential
user10@company.com,user17@company.com,2023-01-28 19:49:00,Invoice
user2@company.com,user18@company.com,2023-01-28 07:12:00,Project Update
user10@company.com,user20@company.com,2023-01-28 18:57:00,Request
user18@company.com,user6@company.com,2023-01-28 17:20:00,Project Update
user18@company.com,user1@company.com,2023-01-28 07:19:00,Confidential
user7@company.com,user13@company.com,2023-01-28 15:03:00,Confidential
user17@company.com,user18@company.com,2023-01-28 09:32:00,Invoice
user2@company.com,user8@company.com,2023-01-28 08:29:00,Meeting
user8@company.com,user12@company.com,2023-01-28 08:45:00,Meeting
user16@company.com,user7@company.com,2023-01-28 16:40:00,Request
user1@company.com,user3@company.com,2023-01-28 13:13:00,Project Update
user10@company.com,user1@company.com,2023-01-28 10:42:00,Invoice
user6@company.com,user14@company.com,2023-01-28 10:23:00,Confidential
user2@company.com,user6@company.com,2023-01-28 09:38:00,Meeting
user20@company.com,user9@company.com,2023-01-28 13:43:00,Request
user10@company.com,user7@company.com,2023-01-28 17:47:00,Invoice
user14@company.com,user1@company.com,2023-01-28 13:52:00,Confidential
user13@company.com,user9@company.com,2023-01-28 10:52:00,Confidential
user9@company.com,user1@company.com,2023-01-28 17:44:00,Confidential
user2@company.com,user16@company.com,2023-01-28 09:42:00,Meeting
user3@company.com,user5@company.com,2023-01-28 08:10:00,Confidential
user3@company.com,user7@company.com,2023-01-28 15:20:00,Meeting
user9@company.com,user14@company.com,2023-01-28 11:34:00,Invoice
user10@company.com,user20@company.com,2023-01-28 11:06:00,Project Update
user13@company.com,user7@company.com,2023-01-28 08:35:00,Confidential
user7@company.com,user5@company.com,2023-01-28 15:02:00,Confidential
user16@company.com,user4@company.com,2023-01-28 08:14:00,Project Update
user13@company.com,user6@company.com,2023-01-28 08:48:00,Project Update
user8@company.com,user15@company.com,2023-01-28 16:23:00,Confidential
user5@company.com,user16@company.com,2023-01-28 16:49:00,Project Update
user17@company.com,user7@company.com,2023-01-28 19:13:00,Invoice
user19@company.com,user1@company.com,2023-01-29 09:21:00,Invoice
user6@company.com,user13@company.com,2023-01-29 14:12:00,Project Update
user13@company.com,user14@company.com,2023-01-29 09:18:00,Request
user3@company.com,user9@company.com,2023-01-29 09:40:00,Meeting
user11@company.com,user16@company.com,2023-01-29 07:55:00,Confidential
user3@company.com,user9@company.com,2023-01-29 16:33:00,Invoice
user18@company.com,user6@company.com,2023-01-29 09:35:00,Invoice
user2@company.com,user5@company.com,2023-01-29 17:04:00,Confidential
user17@company.com,user19@company.com,2023-01-29 07:39:00,Meeting
user11@company.com,user13@company.com,2023-01-29 07:09:00,Project Update
user8@company.com,user1@company.com,2023-01-29 13:00:00,Request
user2@company.com,user14@company.com,2023-01-29 19:36:00,Project Update
user8@company.com,user2@company.com,2023-01-29 16:34:00,Project Update
user1@company.com,user17@company.com,2023-01-29 16:41:00,Confidential
user10@company.com,user14@company.com,2023-01-29 14:58:00,Meeting
user16@company.com,user9@company.com,2023-01-29 12:40:00,Confidential
user16@company.com,user5@company.com,2023-01-29 14:34:00,Invoice
user8@company.com,user5@company.com,2023-01-29 11:40:00,Meeting
user13@company.com,user9@company.com,2023-01-29 09:23:00,Project Update
user14@company.com,user10@company.com,2023-01-29 09:02:00,Confidential
user14@company.com,user19@company.com,2023-01-29 10:25:00,Meeting
user12@company.com,user7@company.com,2023-01-29 13:26:00,Confidential
user15@company.com,user16@company.com,2023-01-29 14:24:00,Confidential
user12@company.com,user11@company.com,2023-01-29 12:42:00,Confidential
user5@company.com,user18@company.com,2023-01-29 10:15:00,Meeting
user7@company.com,user20@company.com,2023-01-29 10:55:00,Request
user12@company.com,user16@company.com,2023-01-29 15:55:00,Confidential
user12@company.com,user10@company.com,2023-01-29 10:25:00,Meeting
user16@company.com,user4@company.com,2023-01-29 15:41:00,Confidential
user10@company.com,user15@company.com,2023-01-29 07:12:00,Meeting
user11@company.com,user19@company.com,2023-01-29 09:42:00,Confidential
user17@company.com,user14@company.com,2023-01-30 09:28:00,Project Update
user7@company.com,user14@company.com,2023-01-30 16:42:00,Meeting
user9@company.com,user20@company.com,2023-01-30 19:09:00,Confidential
user19@company.com,user7@company.com,2023-01-30 09:26:00,Invoice
user15@company.com,user8@company.com,2023-01-30 18:08:00,Confidential
user11@company.com,user18@company.com,2023-01-30 18:40:00,Project Update
user4@company.com,user3@company.com,2023-01-30 08:01:00,Project Update
user2@company.com,user12@company.com,2023-01-30 08:20:00,Invoice
user7@company.com,user5@company.com,2023-01-30 10:19:00,Project Update
user12@company.com,user11@company.com,2023-01-30 16:57:00,Confidential
user16@company.com,user11@company.com,2023-01-30 18:11:00,Invoice
user10@company.com,user4@company.com,2023-01-30 19:35:00,Meeting
user5@company.com,user7@company.com,2023-01-30 13:07:00,Request
user20@company.com,user14@company.com,2023-01-30 09:35:00,Request
user16@company.com,user9@company.com,2023-01-30 18:54:00,Meeting
user4@company.com,user6@company.com,2023-01-30 14:06:00,Project Update
user5@company.com,user14@company.com,2023-01-30 14:24:00,Confidential
user6@company.com,user1@company.com,2023-01-30 16:44:00,Invoice
user15@company.com,user20@company.com,2023-01-30 16:11:00,Confidential
user1@company.com,user17@company.com,2023-01-30 17:36:00,Invoice
user11@company.com,user3@company.com,2023-01-30 12:04:00,Meeting
user5@company.com,user11@company.com,2023-01-30 17:25:00,Meeting
user4@company.com,user8@company.com,2023-01-30 17:20:00,Invoice
user3@company.com,user13@company.com,2023-01-30 16:51:00,Confidential
user1@company.com,user20@company.com,2023-01-30 13:10:00,Invoice
user9@company.com,user7@company.com,2023-01-30 15:17:00,Request
user1@company.com,user17@company.com,2023-01-30 12:57:00,Meeting
user2@company.com,user9@company.com,2023-01-30 18:19:00,Invoice
user15@company.com,user14@company.com,2023-01-30 12:02:00,Invoice
user15@company.com,user3@company.com,2023-01-30 12:35:00,Project Update
user5@company.com,user1@company.com,2023-01-30 18:36:00,Project Update
user10@company.com,user14@company.com,2023-01-30 10:57:00,Confidential
user13@company.com,user14@company.com,2023-01-30 07:44:00,Invoice
user13@company.com,user11@company.com,2023-01-30 12:51:00,Request
user14@company.com,user15@company.com,2023-01-30 18:21:00,Meeting
user12@company.com,user9@company.com,2023-01-30 15:12:00,Confidential
user10@company.com,user9@company.com,2023-01-30 08:58:00,Confidential
user3@company.com,user12@company.com,2023-01-30 15:57:00,Project Update
user1@company.com,user6@company.com,2023-01-30 19:48:00,Project Update
user8@company.com,user3@company.com,2023-01-30 09:23:00,Project Update
user5@company.com,user20@company.com,2023-01-30 19:15:00,Project Update
user3@company.com,user1@company.com,2023-01-30 18:00:00,Invoice
user20@company.com,user3@company.com,2023-01-30 09:37:00,Confidential
user11@company.com,user4@company.com,2023-01-30 16:07:00,Project Update
user5@company.com,user8@company.com,2023-01-30 18:59:00,Project Update
user6@company.com,user3@company.com,2023-01-30 18:05:00,Project Update
user14@company.com,user8@company.com,2023-01-30 10:03:00,Project Update
user13@company.com,user11@company.com,2023-01-30 17:33:00,Meeting
user16@company.com,user7@company.com,2023-01-30 18:31:00,Request
user6@company.com,user17@company.com,2023-01-30 11:46:00,Request
user2@company.com,user16@company.com,2023-01-30 09:32:00,Project Update
user3@company.com,user7@company.com,2023-01-30 10:16:00,Meeting
user18@company.com,user20@company.com,2023-01-30 10:44:00,Project Update
user3@company.com,user8@company.com,2023-01-30 09:54:00,Invoice
user8@company.com,user6@company.com,2023-01-30 13:40:00,Request
user10@company.com,user15@company.com,2023-01-30 15:40:00,Invoice
user7@company.com,user15@company.com,2023-01-30 11:52:00,Invoice
user8@company.com,user18@company.com,2023-01-30 07:41:00,Invoice
user10@company.com,user6@company.com,2023-01-30 08:03:00,Project Update
